ATT: 25295, 0.000000, 0.000000, 245.110000
GPS: 25295, 0, 0, 0, 0.0000000, 0.0000000, -0.0700, 0.0000, 0.0000, 0.0000
RAW: 25295,-0.00,-0.00,-0.00,0.00,0.01,-9.80,
FOOT: 25295, 0, 0, 0, 0
ATT: 25396, 0.000000, 0.000000, 245.110000
GPS: 25396, 0, 0, 0, 0.0000000, 0.0000000, -0.0500, 0.0000, 0.0000, 0.0000
RAW: 25396,0.00,-0.00,-0.00,-0.00,0.01,-9.80,
FOOT: 25396, 0, 0, 0, 0
ATT: 25591, 0.000000, -0.010000, 245.110000
GPS: 25591, 0, 0, 0, 0.0000000, 0.0000000, -0.0500, 0.0000, 0.0000, 0.0000
RAW: 25591,0.00,-0.00,-0.00,0.00,-0.01,-9.80,
FOOT: 25591, 0, 0, 0, 0
ATT: 25793, 0.000000, -0.020000, 245.100010
GPS: 25793, 0, 0, 0, 0.0000000, 0.0000000, -0.0400, 0.0000, 0.0000, 0.0000
RAW: 25793,0.00,-0.00,0.00,-0.00,0.02,-9.81,
FOOT: 25793, 0, 0, 0, 0
ATT: 25896, 0.010000, -0.030000, 245.100010
GPS: 25896, 0, 0, 0, 0.0000000, 0.0000000, -0.0200, 0.0000, 0.0000, 0.0000
RAW: 25896,0.00,-0.00,-0.00,0.01,-0.00,-9.81,
FOOT: 25896, 0, 0, 0, 0
ATT: 25996, 0.010000, -0.030000, 245.100010
GPS: 25996, 277304250, 1, 8, 0.0000000, 0.0000000, -0.0300, 1934.3800, 0.4900, 85.7200
RAW: 25996,0.00,-0.00,-0.00,0.00,-0.01,-9.80,
FOOT: 25996, 0, 0, 0, 0
ATT: 26096, 0.010000, -0.030000, 245.090000
GPS: 26096, 277304250, 1, 8, 43.5863110, -110.8282800, -0.0300, 1934.3800, 0.4900, 85.7200
RAW: 26096,0.00,-0.00,0.00,0.02,0.01,-9.81,
FOOT: 26096, 0, 0, 0, 0
ATT: 26201, 0.010000, -0.040000, 245.090000
GPS: 26201, 277304500, 1, 8, 43.5863110, -110.8282800, -0.0300, 1934.2900, 0.4900, 85.7200
RAW: 26201,0.00,-0.00,-0.00,-0.01,0.02,-9.80,
FOOT: 26201, 0, 0, 0, 0
ATT: 26301, -0.050000, 0.000000, 245.090000
GPS: 26301, 277304500, 1, 8, 43.5863110, -110.8282800, -0.0400, 1934.2900, 0.2000, 85.7200
RAW: 26301,0.00,-0.00,0.00,0.01,-0.02,-9.79,
FOOT: 26301, 0, 0, 0, 0
ATT: 26392, -0.250000, 0.070000, 245.090000
GPS: 26392, 277304500, 1, 8, 43.5863110, -110.8282800, -0.0300, 1934.2900, 0.2000, 85.7200
RAW: 26392,0.00,-0.00,0.00,-0.00,0.02,-9.82,
FOOT: 26392, 0, 0, 0, 0
ATT: 26492, -0.450000, 0.160000, 245.090000
GPS: 26492, 277304800, 1, 8, 43.5863110, -110.8282800, -0.0400, 1934.3400, 0.2000, 85.7200
RAW: 26492,0.00,-0.00,-0.00,-0.00,0.00,-9.77,
FOOT: 26492, 0, 0, 0, 0
ATT: 26593, -0.510000, 0.150000, 245.100010
GPS: 26593, 277304800, 1, 8, 43.5863110, -110.8282800, -0.0400, 1934.3400, 0.4700, 85.7200
RAW: 26593,0.00,-0.00,-0.00,-0.00,0.00,-9.81,
FOOT: 26593, 0, 0, 0, 0
ATT: 26693, -0.370000, 0.010000, 245.120000
GPS: 26693, 277305000, 1, 8, 43.5863110, -110.8282800, -0.0700, 1934.3600, 0.4700, 85.7200
RAW: 26693,-0.00,-0.00,0.00,-0.01,-0.01,-9.81,
FOOT: 26693, 0, 0, 0, 0
ATT: 26793, -0.350000, -0.080000, 245.120000
GPS: 26793, 277305000, 1, 8, 43.5863110, -110.8282800, -0.0800, 1934.3600, 0.4100, 85.7200
RAW: 26793,0.00,-0.00,0.00,-0.01,0.01,-9.83,
FOOT: 26793, 0, 0, 0, 0
ATT: 26893, -0.520000, -0.120000, 245.120000
GPS: 26893, 277305200, 1, 8, 43.5863110, -110.8282800, -0.1000, 1934.2200, 0.4100, 85.7200
RAW: 26893,0.00,-0.00,0.00,0.00,0.01,-9.78,
FOOT: 26893, 0, 0, 0, 0
ATT: 27116, -0.770000, -0.090000, 245.200000
GPS: 27116, 277305400, 1, 8, 43.5863110, -110.8282800, 1934.0300, 1934.1200, 0.3300, 85.7200
RAW: 27116,0.00,-0.00,-0.00,0.01,0.02,-9.80,
FOOT: 27116, 0, 0, 0, 0
ATT: 27214, -0.610000, 0.160000, 245.399990
GPS: 27214, 277305400, 1, 8, 43.5863150, -110.8282800, 1934.0300, 1934.1200, 0.3300, 85.7200
RAW: 27214,0.00,-0.00,-0.00,-0.01,0.01,-9.81,
FOOT: 27214, 0, 0, 0, 0
ATT: 27315, -0.470000, 0.070000, 245.590000
GPS: 27315, 277305600, 1, 8, 43.5863150, -110.8282800, 1934.0100, 1933.9500, 0.8900, 85.7200
RAW: 27315,0.00,-0.00,-0.00,0.00,0.01,-9.76,
FOOT: 27315, 0, 0, 0, 0
ATT: 27414, -0.350000, -0.550000, 245.770000
GPS: 27414, 277305600, 1, 8, 43.5863150, -110.8282800, 1934.0000, 1933.9500, 0.8900, 85.7200
RAW: 27414,0.00,-0.00,0.00,-0.01,0.01,-9.82,
FOOT: 27414, 0, 0, 0, 0
ATT: 27515, -0.320000, -0.630000, 245.929990
GPS: 27515, 277305800, 1, 8, 43.5863150, -110.8282800, 1933.9900, 1934.0100, 0.3900, 85.7200
RAW: 27515,0.00,-0.00,0.00,-0.01,0.00,-9.79,
FOOT: 27515, 0, 0, 0, 0
ATT: 27615, -0.410000, 0.140000, 246.090000
GPS: 27615, 277305800, 1, 8, 43.5863150, -110.8282800, 1934.0100, 1934.0100, 0.3900, 85.7200
RAW: 27615,-0.00,-0.00,0.00,-0.00,0.01,-9.81,
FOOT: 27615, 0, 0, 0, 0
ATT: 27715, -0.410000, 0.580000, 246.259990
GPS: 27715, 277306000, 1, 8, 43.5863150, -110.8282800, 1934.0000, 1934.0300, 0.5000, 85.7200
RAW: 27715,0.00,-0.00,-0.00,-0.01,-0.01,-9.78,
FOOT: 27715, 0, 0, 0, 0
ATT: 27815, -0.270000, 0.520000, 246.450000
GPS: 27815, 277306000, 1, 8, 43.5863150, -110.8282800, 1933.9900, 1934.0300, 0.5000, 85.7200
RAW: 27815,0.00,-0.00,-0.00,-0.00,-0.01,-9.80,
FOOT: 27815, 0, 0, 0, 0
ATT: 27916, -0.340000, 0.590000, 246.620000
GPS: 27916, 277306200, 1, 8, 43.5863150, -110.8282800, 1934.0000, 1933.9100, 0.1000, 85.7200
RAW: 27916,0.00,-0.00,-0.00,-0.00,-0.01,-9.76,
FOOT: 27916, 0, 0, 0, 0
ATT: 28016, -0.740000, 0.870000, 246.800000
GPS: 28016, 277306200, 1, 8, 43.5863150, -110.8282800, 1934.0000, 1933.9100, 0.1000, 85.7200
RAW: 28016,0.00,-0.00,0.00,0.01,0.00,-9.79,
FOOT: 28016, 0, 0, 0, 0
ATT: 28116, -1.000000, 0.960000, 246.980000
GPS: 28116, 277306400, 1, 8, 43.5863150, -110.8282800, 1934.0100, 1933.7600, 0.1700, 85.7200
RAW: 28116,0.00,-0.00,-0.00,-0.00,-0.01,-9.81,
FOOT: 28116, 0, 0, 0, 0
ATT: 28217, -1.020000, 0.770000, 247.179990
GPS: 28217, 277306400, 1, 8, 43.5863150, -110.8282800, 1934.0100, 1933.7600, 0.1700, 85.7200
RAW: 28217,0.00,-0.00,-0.00,0.01,0.01,-9.82,
FOOT: 28217, 0, 0, 0, 0
ATT: 28317, -1.140000, 0.590000, 247.370000
GPS: 28317, 277306600, 1, 8, 43.5863150, -110.8282800, 1934.0300, 1933.6400, 0.3800, 85.7200
RAW: 28317,0.00,-0.00,-0.00,0.00,-0.01,-9.78,
FOOT: 28317, 0, 0, 0, 0
ATT: 28417, -1.390000, 0.420000, 247.550000
GPS: 28417, 277306600, 1, 8, 43.5863150, -110.8282800, 1934.0300, 1933.6400, 0.3800, 85.7200
RAW: 28417,0.00,-0.00,-0.00,0.00,-0.00,-9.79,
FOOT: 28417, 0, 0, 0, 0
ATT: 28517, -1.330000, 0.410000, 247.730000
GPS: 28517, 277306800, 1, 8, 43.5863150, -110.8282800, 1934.0300, 1933.6400, 0.2100, 85.7200
RAW: 28517,0.00,-0.00,0.00,-0.02,0.00,-9.82,
FOOT: 28517, 0, 0, 0, 0
ATT: 28617, -1.050000, 0.730000, 247.880000
GPS: 28617, 277306800, 1, 8, 43.5863150, -110.8282800, 1934.0200, 1933.6400, 0.2100, 85.7200
RAW: 28617,-0.12,0.04,-0.01,-0.03,-0.17,-10.10,
FOOT: 28617, 0, 0, 0, 0
ATT: 28718, -1.130000, 0.930000, 248.050000
GPS: 28718, 277307000, 1, 8, 43.5863150, -110.8282800, 1934.0100, 1933.4900, 0.2600, 85.7200
RAW: 28718,0.04,-0.01,0.00,0.06,0.12,-9.79,
FOOT: 28718, 0, 0, 0, 0
ATT: 28818, -1.140000, 0.740000, 248.210010
GPS: 28818, 277307000, 1, 8, 43.5863150, -110.8282800, 1934.0300, 1933.4900, 0.2600, 85.7200
RAW: 28818,0.01,-0.00,-0.00,0.11,0.11,-9.75,
FOOT: 28818, 0, 0, 0, 0
ATT: 28918, -0.720000, 0.490000, 248.399990
GPS: 28918, 277307200, 1, 8, 43.5863150, -110.8282800, 1934.0400, 1933.4600, 0.1200, 85.7200
RAW: 28918,0.20,-0.07,0.01,0.03,0.09,-9.78,
FOOT: 28918, 0, 0, 0, 0
ATT: 29019, -0.870000, 0.550000, 248.560000
GPS: 29019, 277307200, 1, 8, 43.5863150, -110.8282800, 1934.0400, 1933.4600, 0.1200, 85.7200
RAW: 29019,-0.05,0.02,-0.00,-0.11,0.00,-9.91,
FOOT: 29019, 0, 0, 0, 0
ATT: 29119, -1.230000, 0.600000, 248.700000
GPS: 29119, 277307400, 1, 8, 43.5863150, -110.8282800, 1934.0200, 1933.4399, 0.3100, 85.7200
RAW: 29119,0.00,-0.00,0.00,0.04,0.12,-9.73,
FOOT: 29119, 0, 0, 0, 0
ATT: 29219, -1.150000, 0.310000, 248.850010
GPS: 29219, 277307400, 1, 8, 43.5863150, -110.8282800, 1934.0000, 1933.4399, 0.3100, 85.7200
RAW: 29219,-0.02,0.01,-0.00,0.08,0.23,-9.79,
FOOT: 29219, 0, 0, 0, 0
ATT: 29320, -0.680000, 0.140000, 249.000000
GPS: 29320, 277307600, 1, 8, 43.5863150, -110.8282800, 1934.0200, 1933.4000, 0.0300, 85.7200
RAW: 29320,0.09,-0.04,0.00,-0.06,-0.13,-9.89,
FOOT: 29320, 0, 0, 0, 0
ATT: 29419, -0.380000, 0.400000, 249.140000
GPS: 29419, 277307600, 1, 8, 43.5863150, -110.8282800, 1934.0100, 1933.4000, 0.0300, 85.7200
RAW: 29419,0.04,-0.02,-0.00,0.03,-0.08,-9.78,
FOOT: 29419, 0, 0, 0, 0
ATT: 29519, -0.330000, 0.670000, 249.259990
GPS: 29519, 277307800, 1, 8, 43.5863150, -110.8282800, 1934.0300, 1933.4301, 0.1600, 85.7200
RAW: 29519,-0.08,0.04,-0.00,0.09,0.06,-9.72,
FOOT: 29519, 0, 0, 0, 0
ATT: 29620, 0.180000, 0.590000, 249.620000
GPS: 29620, 277307800, 1, 8, 43.5863150, -110.8282800, 1934.0200, 1933.4301, 0.1600, 85.7200
RAW: 29620,0.09,-0.04,0.09,-0.05,0.01,-9.83,
FOOT: 29620, 0, 0, 0, 0
ATT: 29720, 0.550000, 0.480000, 249.990010
GPS: 29720, 277308000, 1, 8, 43.5863150, -110.8282800, 1933.9900, 1933.5100, 0.4500, 85.7200
RAW: 29720,-0.01,0.01,-0.00,0.05,-0.04,-9.73,
FOOT: 29720, 0, 0, 0, 0
ATT: 29820, 0.900000, 0.210000, 250.120000
GPS: 29820, 277308000, 1, 8, 43.5863150, -110.8282800, 1934.0100, 1933.5100, 0.4500, 85.7200
RAW: 29820,-0.01,0.01,-0.00,-0.05,-0.06,-9.74,
FOOT: 29820, 0, 0, 0, 0
ATT: 29921, 1.010000, -0.050000, 250.240010
GPS: 29921, 277308200, 1, 8, 43.5863150, -110.8282800, 1934.0500, 1933.7000, 0.6700, 85.7200
RAW: 29921,0.02,0.01,0.01,-0.08,-0.03,-9.81,
FOOT: 29921, 0, 0, 0, 0
ATT: 30021, 1.360000, -0.610000, 250.560000
GPS: 30021, 277308200, 1, 8, 43.5863150, -110.8282800, 1934.0400, 1933.7000, 0.6700, 85.7200
RAW: 30021,0.10,-0.02,0.01,-0.01,-0.28,-9.74,
FOOT: 30021, 0, 0, 0, 0
ATT: 30121, 1.470000, -1.160000, 250.640000
GPS: 30121, 277308400, 1, 8, 43.5863150, -110.8282800, 1934.0500, 1933.7600, 1.1900, 85.7200
RAW: 30121,0.00,-0.00,0.00,-0.07,-0.27,-9.78,
FOOT: 30121, 0, 0, 0, 0
ATT: 30222, 1.430000, -1.720000, 250.720000
GPS: 30222, 277308400, 1, 8, 43.5863150, -110.8282800, 1934.0500, 1933.7600, 1.1900, 85.7200
RAW: 30222,0.01,0.00,0.00,-0.01,-0.23,-9.76,
FOOT: 30222, 0, 0, 0, 0
ATT: 30322, 1.660000, -1.630000, 250.830000
GPS: 30322, 277308600, 1, 8, 43.5863150, -110.8282800, 1934.0400, 1933.7400, 0.3700, 85.7200
RAW: 30322,0.06,-0.00,0.01,-0.10,-0.35,-9.72,
FOOT: 30322, 0, 0, 0, 0
ATT: 30423, 1.690000, -0.430000, 250.929990
GPS: 30423, 277308600, 1, 8, 43.5863190, -110.8282900, 1934.0300, 1933.7400, 0.3700, 85.7200
RAW: 30423,0.04,-0.01,0.01,-0.05,-0.28,-9.86,
FOOT: 30423, 0, 0, 0, 0
ATT: 30522, 1.650000, 0.040000, 251.140000
GPS: 30522, 277308800, 1, 8, 43.5863190, -110.8282900, 1934.0400, 1933.8700, 1.0100, 85.7200
RAW: 30522,0.09,-0.02,0.03,-0.11,-0.35,-9.87,
FOOT: 30522, 0, 0, 0, 0
ATT: 30622, 1.480000, -0.580000, 251.360000
GPS: 30622, 277308800, 1, 8, 43.5863150, -110.8282900, 1934.0300, 1933.8700, 1.0100, 85.7200
RAW: 30622,0.02,-0.00,-0.00,-0.28,-0.44,-9.79,
FOOT: 30622, 0, 0, 0, 0
ATT: 30723, 1.380000, -0.720000, 251.280000
GPS: 30723, 277309000, 1, 8, 43.5863150, -110.8282900, 1934.0300, 1934.0000, 0.4900, 85.7200
RAW: 30723,-0.04,-0.02,-0.07,-0.07,-0.31,-9.79,
FOOT: 30723, 0, 0, 0, 0
ATT: 30823, 2.030000, -0.640000, 250.759990
GPS: 30823, 277309000, 1, 8, 43.5863150, -110.8282900, 1934.0601, 1934.0000, 0.4900, 85.7200
RAW: 30823,-0.06,-0.10,-0.04,-0.32,0.09,-9.93,
FOOT: 30823, 0, 0, 0, 0
ATT: 30923, 3.350000, 0.220000, 251.420000
GPS: 30923, 277309200, 1, 8, 43.5863150, -110.8282900, 1934.0800, 1934.0200, 0.6000, 85.7200
RAW: 30923,0.02,-0.00,0.04,-0.07,-0.57,-9.71,
FOOT: 30923, 0, 0, 0, 0
ATT: 31024, 4.490000, 0.920000, 251.990010
GPS: 31024, 277309200, 1, 8, 43.5863190, -110.8282900, 1934.0900, 1934.0200, 0.6000, 85.7200
RAW: 31024,0.17,0.04,0.11,0.08,-0.42,-10.05,
FOOT: 31024, 0, 0, 0, 0
ATT: 31124, 4.960000, 1.380000, 252.210010
GPS: 31124, 277309400, 1, 8, 43.5863190, -110.8282900, 1934.1000, 1934.0400, 0.2000, 85.7200
RAW: 31124,0.00,0.00,-0.00,0.15,-0.63,-9.73,
FOOT: 31124, 0, 0, 0, 0
ATT: 31224, 4.570000, 1.500000, 252.310000
GPS: 31224, 277309400, 1, 8, 43.5863190, -110.8282900, 1934.0699, 1934.0400, 0.2000, 85.7200
RAW: 31224,0.02,0.00,-0.00,0.09,-0.59,-9.78,
FOOT: 31224, 0, 0, 0, 0
ATT: 31325, 4.330000, 1.540000, 252.630000
GPS: 31325, 277309600, 1, 8, 43.5863190, -110.8282900, 1934.0400, 1934.3500, 0.2600, 85.7200
RAW: 31325,0.05,0.01,0.10,-0.13,-0.75,-9.72,
FOOT: 31325, 0, 0, 0, 0
ATT: 31425, 4.010000, 1.480000, 253.070010
GPS: 31425, 277309600, 1, 8, 43.5863190, -110.8282800, 1934.0400, 1934.3500, 0.2600, 85.7200
RAW: 31425,0.02,0.01,0.07,-0.00,-0.55,-9.79,
FOOT: 31425, 0, 0, 0, 0
ATT: 31524, 4.370000, 1.980000, 253.860000
GPS: 31524, 277309800, 1, 8, 43.5863190, -110.8282800, 1934.0400, 1934.3000, 1.0000, 85.7200
RAW: 31524,0.04,0.02,0.10,-0.31,-0.66,-9.83,
FOOT: 31524, 0, 0, 0, 0
ATT: 31625, 5.700000, 3.330000, 254.640000
GPS: 31625, 277309800, 1, 8, 43.5863190, -110.8282800, 1934.0601, 1934.3000, 1.0000, 85.7200
RAW: 31625,0.05,0.03,0.19,0.16,-0.99,-9.63,
FOOT: 31625, 0, 0, 0, 0
ATT: 31725, 6.390000, 3.720000, 255.230000
GPS: 31725, 277310000, 1, 8, 43.5863190, -110.8282800, 1934.0400, 1934.2700, 0.4400, 85.7200
RAW: 31725,0.05,0.04,0.12,0.26,-0.87,-9.54,
FOOT: 31725, 0, 0, 0, 0
ATT: 31825, 6.000000, 2.760000, 256.429990
GPS: 31825, 277310000, 1, 8, 43.5863190, -110.8282800, 1934.0100, 1934.2700, 0.4400, 85.7200
RAW: 31825,-0.03,0.07,0.40,0.12,-0.91,-9.89,
FOOT: 31825, 0, 0, 0, 0
ATT: 31926, 5.950000, 2.110000, 256.760010
GPS: 31926, 277310200, 1, 8, 43.5863190, -110.8282800, 1934.0400, 1934.1700, 0.6100, 85.7200
RAW: 31926,-0.06,0.01,-0.08,-0.42,-0.85,-9.69,
FOOT: 31926, 0, 0, 0, 0
ATT: 32026, 6.940000, 2.030000, 256.790010
GPS: 32026, 277310200, 1, 8, 43.5863190, -110.8282800, 1934.0601, 1934.1700, 0.6100, 85.7200
RAW: 32026,0.09,0.02,0.01,-0.12,-0.94,-9.70,
FOOT: 32026, 0, 0, 0, 0
ATT: 32126, 7.490000, 1.800000, 256.899990
GPS: 32126, 277310400, 1, 8, 43.5863190, -110.8282800, 1934.0601, 1934.2700, 0.8900, 85.7200
RAW: 32126,0.03,0.00,0.01,-0.03,-0.93,-9.69,
FOOT: 32126, 0, 0, 0, 0
ATT: 32227, 7.250000, 1.430000, 257.019990
GPS: 32227, 277310400, 1, 8, 43.5863190, -110.8282800, 1934.0900, 1934.2700, 0.8900, 85.7200
RAW: 32227,0.02,0.01,0.01,0.14,-0.94,-9.61,
FOOT: 32227, 0, 0, 0, 0
ATT: 32327, 7.060000, 1.080000, 257.070010
GPS: 32327, 277310600, 1, 8, 43.5863190, -110.8282800, 1934.0500, 1934.3900, 1.0400, 85.7200
RAW: 32327,0.03,0.01,-0.01,0.26,-1.03,-9.65,
FOOT: 32327, 0, 0, 0, 0
ATT: 32427, 6.780000, 0.850000, 257.130000
GPS: 32427, 277310600, 1, 8, 43.5863190, -110.8282800, 1934.0699, 1934.3900, 1.0400, 85.7200
RAW: 32427,-0.05,-0.01,0.01,0.18,-0.93,-9.77,
FOOT: 32427, 0, 0, 0, 0
ATT: 32527, 6.340000, 1.050000, 257.239990
GPS: 32527, 277310800, 1, 8, 43.5863190, -110.8282800, 1934.0699, 1934.2300, 0.7200, 85.7200
RAW: 32527,-0.14,0.07,0.03,0.41,-1.01,-9.67,
FOOT: 32527, 0, 0, 0, 0
ATT: 32627, 6.540000, 1.620000, 257.350010
GPS: 32627, 277310800, 1, 8, 43.5863190, -110.8282800, 1934.0699, 1934.2300, 0.7200, 85.7200
RAW: 32627,-0.00,0.00,-0.00,0.21,-1.16,-9.72,
FOOT: 32627, 0, 0, 0, 0
ATT: 32728, 6.160000, 2.070000, 257.350010
GPS: 32728, 277311000, 1, 8, 43.5863190, -110.8282800, 1934.0800, 1934.1801, 0.7500, 85.7200
RAW: 32728,-0.07,0.02,-0.01,0.17,-0.45,-9.97,
FOOT: 32728, 0, 0, 0, 0
ATT: 32828, 5.860000, 2.080000, 257.500000
GPS: 32828, 277311000, 1, 8, 43.5863190, -110.8282900, 1934.0900, 1934.1801, 0.7500, 85.7200
RAW: 32828,-0.06,0.04,0.02,0.01,-0.78,-9.55,
FOOT: 32828, 0, 0, 0, 0
ATT: 32928, 5.200000, 2.470000, 257.649990
GPS: 32928, 277311200, 1, 8, 43.5863190, -110.8282900, 1934.0699, 1934.1300, 0.7200, 85.7200
RAW: 32928,-0.20,0.14,0.02,0.17,-0.75,-9.84,
FOOT: 32928, 0, 0, 0, 0
ATT: 33029, 4.050000, 3.210000, 257.859990
GPS: 33029, 277311200, 1, 8, 43.5863190, -110.8282900, 1934.0800, 1934.1300, 0.7200, 85.7200
RAW: 33029,-0.12,0.13,0.03,0.04,-0.18,-9.82,
FOOT: 33029, 0, 0, 0, 0
ATT: 33129, 3.970000, 3.890000, 258.209990
GPS: 33129, 277311400, 1, 8, 43.5863190, -110.8282900, 1934.0900, 1934.0300, 0.8700, 85.7200
RAW: 33129,0.12,0.16,0.06,0.48,-0.23,-10.36,
FOOT: 33129, 0, 0, 0, 0
ATT: 33229, 12.610000, 8.310000, 256.750000
GPS: 33229, 277311400, 1, 8, 43.5863190, -110.8282900, 1934.0800, 1934.0300, 0.8700, 85.7200
RAW: 33229,3.11,0.89,-0.80,0.36,1.49,-7.82,
FOOT: 33229, 0, 0, 0, 0
ATT: 33329, 9.930000, 11.640000, 260.010010
GPS: 33329, 277311600, 1, 8, 43.5863190, -110.8282900, 1934.0699, 1934.0300, 1.3300, 85.7200
RAW: 33329,-0.27,0.26,0.40,2.48,-4.25,-9.59,
FOOT: 33329, 0, 0, 0, 0
ATT: 33429, 18.150000, 11.060000, 257.910000
GPS: 33429, 277311600, 1, 8, 43.5863190, -110.8282900, 1934.0400, 1934.0300, 1.3300, 85.7200
RAW: 33429,1.45,-0.22,-0.32,2.15,-3.39,-9.97,
FOOT: 33429, 0, 0, 0, 0
ATT: 33529, 29.230000, 13.000000, 255.620000
GPS: 33529, 277311800, 1, 8, 43.5863190, -110.8282900, 1934.0800, 1933.8700, 0.3700, 85.7200
RAW: 33529,2.40,0.23,-0.45,2.75,-2.86,-8.72,
FOOT: 33529, 0, 0, 0, 0
ATT: 33630, 34.500000, 16.480000, 257.649990
GPS: 33630, 277311800, 1, 8, 43.5863190, -110.8282900, 1934.1000, 1933.8700, 0.3700, 85.7200
RAW: 33630,0.36,0.45,0.31,2.97,-3.28,-6.57,
FOOT: 33630, 0, 0, 0, 0
ATT: 33730, 32.310001, 17.049999, 259.870000
GPS: 33730, 277312000, 1, 8, 43.5863190, -110.8282900, 1934.0900, 1933.7000, 0.7400, 85.7200
RAW: 33730,0.17,0.10,0.21,2.03,-5.80,-8.70,
FOOT: 33730, 0, 0, 0, 0
ATT: 33830, 34.959999, 15.910000, 261.429990
GPS: 33830, 277312000, 1, 8, 43.5863190, -110.8282900, 1934.1000, 1933.7000, 0.7400, 85.7200
RAW: 33830,-0.05,-0.16,0.40,1.97,-5.59,-7.91,
FOOT: 33830, 0, 0, 0, 0
ATT: 33931, 35.939999, 13.880000, 263.030000
GPS: 33931, 277312200, 1, 8, 43.5863190, -110.8282900, 1934.1200, 1933.6300, 0.9000, 85.7200
RAW: 33931,0.20,-0.18,0.31,2.02,-5.62,-7.61,
FOOT: 33931, 0, 0, 0, 0
ATT: 34031, 37.279999, 12.150000, 263.410000
GPS: 34031, 277312200, 1, 8, 43.5863150, -110.8282900, 1934.1200, 1933.6300, 0.9000, 85.7200
RAW: 34031,-0.19,0.04,0.26,1.48,-5.04,-7.06,
FOOT: 34031, 0, 0, 0, 0
ATT: 34131, 37.090000, 10.060000, 264.140010
GPS: 34131, 277312400, 1, 8, 43.5863150, -110.8282900, 1934.1200, 1933.6400, 1.7600, 87.1800
RAW: 34131,0.36,-0.11,0.21,1.06,-6.12,-7.94,
FOOT: 34131, 0, 0, 0, 0
ATT: 34232, 38.799999, 8.210000, 265.209990
GPS: 34232, 277312400, 1, 8, 43.5863150, -110.8282900, 1934.1200, 1933.6400, 1.7600, 87.1800
RAW: 34232,0.42,-0.17,0.23,0.93,-5.66,-6.41,
FOOT: 34232, 0, 0, 0, 0
ATT: 34331, 38.090000, 6.820000, 266.310000
GPS: 34331, 277312600, 1, 8, 43.5863150, -110.8282900, 1934.1400, 1933.7700, 1.3100, 87.1800
RAW: 34331,-0.40,0.29,0.44,1.29,-5.83,-6.80,
FOOT: 34331, 0, 0, 0, 0
ATT: 34433, 36.000000, 7.430000, 269.160000
GPS: 34433, 277312600, 1, 8, 43.5863150, -110.8283000, 1934.1899, 1933.7700, 1.3100, 87.1800
RAW: 34433,-0.16,0.23,0.19,0.88,-6.76,-8.56,
FOOT: 34433, 0, 0, 0, 0
ATT: 34532, 35.570000, 7.540000, 270.060000
GPS: 34532, 277312800, 1, 8, 43.5863150, -110.8283000, 1934.1700, 1933.7800, 0.9700, 87.1800
RAW: 34532,0.01,0.00,0.09,1.77,-9.09,-9.26,
FOOT: 34532, 0, 0, 0, 0
ATT: 34632, 40.540001, 8.360000, 272.209990
GPS: 34632, 277312800, 1, 8, 43.5863150, -110.8283000, 1934.1600, 1933.7800, 0.9700, 87.1800
RAW: 34632,0.33,-0.09,0.66,1.76,-7.73,-8.44,
FOOT: 34632, 0, 0, 0, 0
ATT: 34733, 48.240002, 5.800000, 275.420010
GPS: 34733, 277313000, 1, 8, 43.5863150, -110.8283000, 1934.1600, 1933.6200, 1.2400, 87.1800
RAW: 34733,0.70,-0.27,0.86,-0.35,-6.28,-4.79,
FOOT: 34733, 0, 0, 0, 0
ATT: 34833, 51.759998, -2.100000, 275.640010
GPS: 34833, 277313000, 1, 8, 43.5863150, -110.8283000, 1934.1500, 1933.6200, 1.2400, 87.1800
RAW: 34833,2.05,-0.87,0.33,-0.94,-7.25,-6.32,
FOOT: 34833, 0, 0, 0, 0
ATT: 34933, 60.709999, -6.400000, 273.489990
GPS: 34933, 277313200, 1, 8, 43.5863150, -110.8283000, 1934.1899, 1933.6500, 0.8600, 87.1800
RAW: 34933,0.55,-0.30,0.87,-1.35,-10.14,-3.29,
FOOT: 34933, 0, 0, 0, 0
ATT: 35034, 60.119999, -9.840000, 274.280000
GPS: 35034, 277313200, 1, 8, 43.5863150, -110.8283000, 1934.2100, 1933.6500, 0.8600, 87.1800
RAW: 35034,-0.41,0.27,0.66,-3.25,-10.01,-3.00,
FOOT: 35034, 0, 0, 0, 0
ATT: 35134, 60.389999, -10.380000, 274.390010
GPS: 35134, 277313400, 1, 8, 43.5863150, -110.8283000, 1934.2100, 1933.4500, 1.0600, 87.1800
RAW: 35134,0.41,-0.04,0.14,-2.34,-8.01,-4.81,
FOOT: 35134, 0, 0, 0, 0
ATT: 35234, 63.639999, -11.900000, 274.750000
GPS: 35234, 277313400, 1, 8, 43.5863150, -110.8283000, 1934.2500, 1933.4500, 1.0600, 87.1800
RAW: 35234,-0.04,-0.16,0.44,-2.03,-7.21,-3.91,
FOOT: 35234, 0, 0, 0, 0
ATT: 35335, 63.070000, -12.610000, 275.329990
GPS: 35335, 277313600, 1, 8, 43.5863150, -110.8283000, 1934.2500, 1933.2900, 0.8300, 87.1800
RAW: 35335,0.49,0.27,-0.28,-3.49,-6.49,-3.81,
FOOT: 35335, 0, 0, 0, 0
ATT: 35435, 63.840000, -10.820000, 274.519990
GPS: 35435, 277313600, 1, 8, 43.5863150, -110.8283000, 1934.2600, 1933.2900, 0.8300, 87.1800
RAW: 35435,0.28,-0.38,-0.35,-3.06,-6.90,-3.48,
FOOT: 35435, 0, 0, 0, 0
ATT: 35534, 62.709999, -12.220000, 272.090000
GPS: 35534, 277313800, 1, 8, 43.5863150, -110.8283000, 1934.2600, 1933.3600, 0.9600, 87.1800
RAW: 35534,-0.17,-0.08,-0.01,-2.86,-8.87,-3.32,
FOOT: 35534, 0, 0, 0, 0
ATT: 35635, 56.549999, -11.980000, 273.230010
GPS: 35635, 277313800, 1, 8, 43.5863150, -110.8283000, 1934.2700, 1933.3600, 0.9600, 87.1800
RAW: 35635,-1.03,0.47,0.02,-2.00,-9.23,-5.18,
FOOT: 35635, 0, 0, 0, 0
ATT: 35735, 51.000000, -10.230000, 275.850010
GPS: 35735, 277314000, 1, 8, 43.5863150, -110.8283000, 1934.2800, 1933.4200, 1.0100, 87.1800
RAW: 35735,-1.62,0.54,0.18,-2.00,-5.19,-6.33,
FOOT: 35735, 0, 0, 0, 0
ATT: 35835, 44.139999, -7.840000, 279.470000
GPS: 35835, 277314000, 1, 8, 43.5863150, -110.8283000, 1934.2700, 1933.4200, 1.0100, 87.1800
RAW: 35835,-0.13,0.85,-0.22,-1.86,-5.13,-7.15,
FOOT: 35835, 0, 0, 0, 0
ATT: 35936, 43.040001, -4.540000, 280.250000
GPS: 35936, 277314200, 1, 8, 43.5863150, -110.8283000, 1934.2900, 1933.7000, 1.3100, 170.8700
RAW: 35936,0.55,0.26,-0.35,-0.71,-6.57,-8.32,
FOOT: 35936, 0, 0, 0, 0
ATT: 36036, 43.310001, -2.970000, 281.070010
GPS: 36036, 277314200, 1, 8, 43.5863150, -110.8283000, 1934.2700, 1933.7000, 1.3100, 170.8700
RAW: 36036,-0.05,0.11,0.00,-0.03,-6.19,-6.61,
FOOT: 36036, 0, 0, 0, 0
ATT: 36136, 44.740002, -2.760000, 280.810000
GPS: 36136, 277314400, 1, 8, 43.5863150, -110.8283000, 1934.2400, 1933.8101, 0.9900, 170.8700
RAW: 36136,0.26,0.01,0.06,-1.22,-6.67,-7.62,
FOOT: 36136, 0, 0, 0, 0
ATT: 36237, 45.389999, -3.790000, 279.720000
GPS: 36237, 277314400, 1, 8, 43.5863150, -110.8283000, 1934.2300, 1933.8101, 0.9900, 170.8700
RAW: 36237,0.15,-0.28,0.02,-1.10,-5.45,-8.60,
FOOT: 36237, 0, 0, 0, 0
ATT: 36337, 42.450001, -5.730000, 278.700010
GPS: 36337, 277314600, 1, 8, 43.5863150, -110.8283000, 1934.2600, 1933.8600, 0.7100, 170.8700
RAW: 36337,-1.44,-0.90,0.35,-0.16,-6.82,-5.44,
FOOT: 36337, 0, 0, 0, 0
ATT: 36436, 42.080002, -5.110000, 279.140010
GPS: 36436, 277314600, 1, 8, 43.5863150, -110.8283000, 1934.2500, 1933.8600, 0.7100, 170.8700
RAW: 36436,0.08,0.41,-0.26,-1.72,-10.07,-11.92,
FOOT: 36436, 0, 0, 0, 0
ATT: 36537, 47.419998, -3.120000, 278.540010
GPS: 36537, 277314800, 1, 8, 43.5863150, -110.8283000, 1934.2600, 1933.7500, 0.8000, 170.8700
RAW: 36537,0.33,-0.61,-0.13,-0.78,-7.11,-7.23,
FOOT: 36537, 0, 0, 0, 0
ATT: 36637, 50.419998, -4.550000, 276.329990
GPS: 36637, 277314800, 1, 8, 43.5863150, -110.8283000, 1934.2400, 1933.7500, 0.8000, 170.8700
RAW: 36637,0.65,-0.58,0.08,-0.49,-7.73,-5.99,
FOOT: 36637, 0, 0, 0, 0
ATT: 36738, 53.610001, -6.430000, 274.820010
GPS: 36738, 277315000, 1, 8, 43.5863150, -110.8283000, 1934.2600, 1933.2500, 1.6000, 65.1700
RAW: 36738,0.03,-0.31,0.20,-1.42,-7.24,-5.39,
FOOT: 36738, 0, 0, 0, 0
ATT: 36838, 56.150002, -7.880000, 272.940000
GPS: 36838, 277315000, 1, 8, 43.5863150, -110.8283000, 1934.2400, 1933.2500, 1.6000, 65.1700
RAW: 36838,0.23,-0.34,-0.02,-2.41,-6.91,-5.27,
FOOT: 36838, 0, 0, 0, 0
ATT: 36938, 56.970001, -8.720000, 271.120000
GPS: 36938, 277315200, 1, 8, 43.5863150, -110.8283000, 1934.2300, 1932.8199, 1.1400, 65.1700
RAW: 36938,-0.19,-0.28,-0.08,-2.02,-7.23,-5.47,
FOOT: 36938, 0, 0, 0, 0
ATT: 37039, 56.480000, -9.580000, 269.620000
GPS: 37039, 277315200, 1, 8, 43.5863190, -110.8283000, 1934.2500, 1932.8199, 1.1400, 65.1700
RAW: 37039,-0.17,-0.25,-0.10,-1.77,-7.42,-6.06,
FOOT: 37039, 0, 0, 0, 0
ATT: 37139, 55.630001, -9.810000, 268.959990
GPS: 37139, 277315400, 1, 8, 43.5863190, -110.8283000, 1934.2800, 1932.9900, 0.6000, 65.1700
RAW: 37139,-0.09,-0.14,-0.14,-2.16,-7.24,-5.85,
FOOT: 37139, 0, 0, 0, 0
ATT: 37239, 53.230000, -9.970000, 268.910000
GPS: 37239, 277315400, 1, 8, 43.5863190, -110.8283000, 1934.2800, 1932.9900, 0.6000, 65.1700
RAW: 37239,-0.01,0.03,-0.04,-1.96,-7.77,-5.38,
FOOT: 37239, 0, 0, 0, 0
ATT: 37340, 50.580002, -10.540000, 269.880000
GPS: 37340, 277315600, 1, 8, 43.5863190, -110.8283000, 1934.2800, 1933.0400, 0.7300, 65.1700
RAW: 37340,-0.69,0.15,0.28,-3.06,-7.16,-4.83,
FOOT: 37340, 0, 0, 0, 0
ATT: 37440, 46.220001, -10.620000, 272.769990
GPS: 37440, 277315600, 1, 8, 43.5863190, -110.8283000, 1934.2900, 1933.0400, 0.7300, 65.1700
RAW: 37440,-0.42,0.62,0.18,-1.88,-6.99,-5.26,
FOOT: 37440, 0, 0, 0, 0
ATT: 37539, 39.480000, -8.650000, 277.989990
GPS: 37539, 277315800, 1, 8, 43.5863190, -110.8283000, 1934.2600, 1933.4000, 0.2700, 65.1700
RAW: 37539,-1.47,0.95,0.54,-0.50,-7.38,-7.70,
FOOT: 37539, 0, 0, 0, 0
ATT: 37640, 31.860001, -5.670000, 284.730010
GPS: 37640, 277315800, 1, 8, 43.5863190, -110.8283000, 1934.2500, 1933.4000, 0.2700, 65.1700
RAW: 37640,-1.31,1.09,0.71,-0.93,-4.24,-7.85,
FOOT: 37640, 0, 0, 0, 0
ATT: 37740, 18.730000, -1.350000, 293.730010
GPS: 37740, 277316000, 1, 8, 43.5863190, -110.8283000, 1934.2300, 1933.6300, 1.9400, 14.3100
RAW: 37740,-2.54,1.43,1.43,-0.69,-2.50,-10.62,
FOOT: 37740, 0, 0, 0, 0
ATT: 37840, 5.120000, 3.710000, 304.700010
GPS: 37840, 277316000, 1, 8, 43.5863150, -110.8283000, 1934.2000, 1933.6300, 1.9400, 14.3100
RAW: 37840,-1.91,1.05,1.69,0.16,-0.13,-11.05,
FOOT: 37840, 0, 0, 0, 0
ATT: 37941, 2.370000, 8.040000, 315.090000
GPS: 37941, 277316200, 1, 8, 43.5863150, -110.8283000, 1934.1899, 1933.8199, 0.8200, 14.3100
RAW: 37941,-0.72,0.50,1.76,0.84,0.45,-9.87,
FOOT: 37941, 0, 0, 0, 0
ATT: 38041, -3.270000, 8.830000, 327.049990
GPS: 38041, 277316200, 1, 8, 43.5863150, -110.8283000, 1934.1899, 1933.8199, 0.8200, 14.3100
RAW: 38041,-1.43,-0.59,2.10,0.68,1.47,-9.53,
FOOT: 38041, 0, 0, 0, 0
ATT: 38141, -10.050000, 6.110000, -318.329990
GPS: 38141, 277316400, 1, 8, 43.5863150, -110.8283000, 1934.1300, 1933.8500, 1.3300, 14.3100
RAW: 38141,-1.04,-0.59,1.18,1.42,1.96,-10.43,
FOOT: 38141, 0, 0, 0, 0
ATT: 38242, -13.740000, 5.150000, -313.230010
GPS: 38242, 277316400, 1, 8, 43.5863150, -110.8283000, 1934.1300, 1933.8500, 1.3300, 14.3100
RAW: 38242,-0.42,-0.18,0.92,1.07,4.15,-9.36,
FOOT: 38242, 0, 0, 0, 0
ATT: 38341, -15.200000, 5.180000, -307.079990
GPS: 38341, 277316600, 1, 8, 43.5863150, -110.8283000, 1934.1400, 1934.0200, 0.3400, 14.3100
RAW: 38341,-0.49,-0.24,0.76,0.67,1.68,-8.95,
FOOT: 38341, 0, 0, 0, 0
ATT: 38443, -16.990000, 4.050000, -304.820010
GPS: 38443, 277316600, 1, 8, 43.5863150, -110.8283000, 1934.1300, 1934.0200, 0.3400, 14.3100
RAW: 38443,-0.62,-0.42,0.18,0.60,3.52,-9.21,
FOOT: 38443, 0, 0, 0, 0
ATT: 38542, -18.680000, 0.810000, -302.170010
GPS: 38542, 277316800, 1, 8, 43.5863150, -110.8283000, 1934.1400, 1933.9600, 2.0700, 14.3100
RAW: 38542,-0.39,-0.92,0.25,-0.50,3.96,-9.00,
FOOT: 38542, 0, 0, 0, 0
ATT: 38642, -16.379999, -6.680000, -299.350010
GPS: 38642, 277316800, 1, 8, 43.5863150, -110.8282900, 1934.1700, 1933.9600, 2.0700, 14.3100
RAW: 38642,0.37,-1.43,-0.15,-1.93,3.72,-9.09,
FOOT: 38642, 0, 0, 0, 0
ATT: 38743, -14.980000, -15.640000, -296.950010
GPS: 38743, 277317000, 1, 8, 43.5863150, -110.8282900, 1934.1700, 1933.8199, 1.1700, 14.3100
RAW: 38743,0.10,-1.54,-0.02,-2.83,3.49,-9.30,
FOOT: 38743, 0, 0, 0, 0
ATT: 38843, -18.030001, -22.459999, 1.840000
GPS: 38843, 277317000, 1, 8, 43.5863190, -110.8282900, 1934.1600, 1933.8199, 1.1700, 14.3100
RAW: 38843,-0.04,-1.00,0.10,-3.13,3.84,-9.18,
FOOT: 38843, 0, 0, 0, 0
ATT: 38943, -18.570000, -21.490000, 0.540000
GPS: 38943, 277317200, 1, 8, 43.5863190, -110.8282900, 1934.1700, 1933.9200, 0.6800, 14.3100
RAW: 38943,0.02,1.04,-0.63,-3.47,3.74,-9.08,
FOOT: 38943, 0, 0, 0, 0
ATT: 39044, -15.650000, -12.100000, -305.420010
GPS: 39044, 277317200, 1, 8, 43.5863190, -110.8282900, 1934.1801, 1933.9200, 0.6800, 14.3100
RAW: 39044,0.14,2.20,-1.85,-2.44,2.50,-8.66,
FOOT: 39044, 0, 0, 0, 0
ATT: 39144, -13.160000, -4.640000, -318.929990
GPS: 39144, 277317400, 1, 8, 43.5863190, -110.8282900, 1934.1899, 1934.1100, 0.5400, 14.3100
RAW: 39144,0.11,1.19,-2.11,-1.34,2.17,-9.22,
FOOT: 39144, 0, 0, 0, 0
ATT: 39244, -13.500000, -3.280000, 324.310000
GPS: 39244, 277317400, 1, 8, 43.5863190, -110.8282900, 1934.1700, 1934.1100, 0.5400, 14.3100
RAW: 39244,-0.13,0.63,-2.03,-1.20,2.69,-9.61,
FOOT: 39244, 0, 0, 0, 0
ATT: 39345, -11.220000, -2.000000, 312.299990
GPS: 39345, 277317600, 1, 8, 43.5863190, -110.8282900, 1934.1899, 1934.0800, 0.5500, 14.3100
RAW: 39345,0.71,0.70,-2.02,-0.93,2.68,-9.47,
FOOT: 39345, 0, 0, 0, 0
ATT: 39445, -4.250000, 0.830000, 302.399990
GPS: 39445, 277317600, 1, 8, 43.5863190, -110.8282900, 1934.1700, 1934.0800, 0.5500, 14.3100
RAW: 39445,1.39,0.85,-1.44,-0.10,0.80,-10.13,
FOOT: 39445, 0, 0, 0, 0
ATT: 39544, 2.960000, 5.750000, 298.380000
GPS: 39544, 277317800, 1, 8, 43.5863190, -110.8282900, 1934.1600, 1934.1801, 0.5900, 14.3100
RAW: 39544,1.18,0.62,-0.31,0.73,-1.71,-9.25,
FOOT: 39544, 0, 0, 0, 0
ATT: 39645, 12.550000, 6.430000, 297.500000
GPS: 39645, 277317800, 1, 8, 43.5863190, -110.8282900, 1934.1400, 1934.1801, 0.5900, 14.3100
RAW: 39645,1.46,-0.21,0.10,0.40,-3.20,-9.38,
FOOT: 39645, 0, 0, 0, 0
ATT: 39745, 24.020000, 3.130000, 297.660000
GPS: 39745, 277318000, 1, 8, 43.5863190, -110.8282900, 1934.1400, 1934.4700, 0.2600, 14.3100
RAW: 39745,1.72,-0.75,0.47,-0.56,-3.39,-9.20,
FOOT: 39745, 0, 0, 0, 0
ATT: 39845, 25.860001, -3.360000, 299.660000
GPS: 39845, 277318000, 1, 8, 43.5863150, -110.8282800, 1934.1300, 1934.4700, 0.2600, 14.3100
RAW: 39845,0.42,-0.84,0.82,-1.41,-3.97,-8.81,
FOOT: 39845, 0, 0, 0, 0
ATT: 39946, 21.480000, -9.290000, 302.410000
GPS: 39946, 277318200, 1, 7, 43.5863150, -110.8282800, 1934.1300, 1934.4700, 0.2800, 14.3100
RAW: 39946,-1.33,-0.67,0.83,-2.17,-2.71,-9.30,
FOOT: 39946, 0, 0, 0, 0
ATT: 40046, 6.190000, -13.170000, 307.609990
GPS: 40046, 277318200, 1, 7, 43.5863150, -110.8282800, 1934.1500, 1934.4700, 0.2800, 14.3100
RAW: 40046,-2.62,-0.06,1.17,-2.46,-1.06,-10.43,
FOOT: 40046, 0, 0, 0, 0
ATT: 40146, -8.630000, -9.860000, 315.000000
GPS: 40146, 277318400, 1, 8, 43.5863150, -110.8282800, 1934.1600, 1934.5900, 0.2200, 14.3100
RAW: 40146,-2.27,0.77,1.39,-2.32,1.35,-9.39,
FOOT: 40146, 0, 0, 0, 0
ATT: 40247, -19.559999, -2.930000, 320.890010
GPS: 40247, 277318400, 1, 8, 43.5863150, -110.8282800, 1934.1400, 1934.5900, 0.2200, 14.3100
RAW: 40247,-1.26,0.92,1.11,-1.28,3.91,-8.53,
FOOT: 40247, 0, 0, 0, 0
ATT: 40348, -23.520000, 3.910000, 325.549990
GPS: 40348, 277318600, 1, 8, 43.5863150, -110.8282800, 1934.1500, 1934.4800, 1.4800, 14.3100
RAW: 40348,-0.42,0.60,1.10,-0.34,4.35,-8.74,
FOOT: 40348, 0, 0, 0, 0
ATT: 40448, -24.530001, 9.410000, -325.370000
GPS: 40448, 277318600, 1, 8, 43.5863150, -110.8282800, 1934.1700, 1934.4800, 1.4800, 14.3100
RAW: 40448,-0.35,0.16,0.99,0.63,5.05,-8.67,
FOOT: 40448, 0, 0, 0, 0
ATT: 40547, -22.480000, 12.000000, -322.090000
GPS: 40547, 277318800, 1, 8, 43.5863150, -110.8282800, 1934.2100, 1934.6100, 0.3800, 14.3100
RAW: 40547,0.55,0.10,0.24,1.08,4.69,-8.48,
FOOT: 40547, 0, 0, 0, 0
ATT: 40647, -19.730000, 10.750000, -325.500000
GPS: 40647, 277318800, 1, 8, 43.5863150, -110.8282600, 1934.2100, 1934.6100, 0.3800, 14.3100
RAW: 40647,0.59,0.17,-1.11,0.63,3.74,-9.30,
FOOT: 40647, 0, 0, 0, 0
ATT: 40748, -18.030001, 7.480000, 321.609990
GPS: 40748, 277319000, 1, 8, 43.5863150, -110.8282600, 1934.1801, 1934.7400, 0.5100, 14.3100
RAW: 40748,0.61,-0.21,-1.56,0.24,4.20,-8.85,
FOOT: 40748, 0, 0, 0, 0
ATT: 40848, -12.770000, 2.440000, 312.040010
GPS: 40848, 277319000, 1, 8, 43.5863150, -110.8282600, 1934.1600, 1934.7400, 0.5100, 14.3100
RAW: 40848,1.27,-0.38,-2.00,-0.25,3.15,-9.85,
FOOT: 40848, 0, 0, 0, 0
ATT: 40948, -7.160000, -1.720000, 301.470000
GPS: 40948, 277319200, 1, 8, 43.5863150, -110.8282600, 1934.1600, 1934.8600, 0.6700, 14.3100
RAW: 40948,0.78,-0.35,-2.16,-0.78,0.60,-9.28,
FOOT: 40948, 0, 0, 0, 0
ATT: 41049, 0.610000, -4.730000, 289.060000
GPS: 41049, 277319200, 1, 8, 43.5863150, -110.8282600, 1934.1700, 1934.8600, 0.6700, 14.3100
RAW: 41049,0.81,-0.51,-2.00,-1.67,0.45,-9.26,
FOOT: 41049, 0, 0, 0, 0
ATT: 41149, 6.510000, -5.420000, 279.140010
GPS: 41149, 277319400, 1, 8, 43.5863150, -110.8282600, 1934.1899, 1935.3500, 0.4400, 14.3100
RAW: 41149,0.48,0.06,-1.56,-1.97,-0.09,-9.27,
FOOT: 41149, 0, 0, 0, 0
ATT: 41249, 9.300000, -2.240000, 272.929990
GPS: 41249, 277319400, 1, 8, 43.5863150, -110.8282500, 1934.1600, 1935.3500, 0.4400, 14.3100
RAW: 41249,0.26,0.87,-0.96,-0.80,-1.63,-9.01,
FOOT: 41249, 0, 0, 0, 0
ATT: 41350, 10.940000, 3.280000, 269.000000
GPS: 41350, 277319600, 1, 8, 43.5863150, -110.8282500, 1934.1700, 1935.6600, 0.4700, 14.3100
RAW: 41350,0.55,0.82,-0.83,0.62,-2.16,-9.20,
FOOT: 41350, 0, 0, 0, 0
ATT: 41449, 12.830000, 6.070000, 266.720000
GPS: 41449, 277319600, 1, 8, 43.5863150, -110.8282500, 1934.2000, 1935.6600, 0.4700, 14.3100
RAW: 41449,0.19,0.16,-0.22,1.35,-2.28,-9.01,
FOOT: 41449, 0, 0, 0, 0
ATT: 41549, 12.650000, 5.560000, 266.399990
GPS: 41549, 277319800, 1, 8, 43.5863150, -110.8282500, 1934.1801, 1935.9000, 0.7400, 14.3100
RAW: 41549,0.20,-0.14,-0.10,1.15,-2.85,-9.39,
FOOT: 41549, 0, 0, 0, 0
ATT: 41650, 13.160000, 4.720000, 265.570010
GPS: 41650, 277319800, 1, 8, 43.5863150, -110.8282500, 1934.1500, 1935.9000, 0.7400, 14.3100
RAW: 41650,-0.58,-0.21,-0.04,1.08,-2.39,-10.27,
FOOT: 41650, 0, 0, 0, 0
ATT: 41750, 11.710000, 4.560000, 264.730010
GPS: 41750, 277320000, 1, 8, 43.5863150, -110.8282500, 1934.1300, 1936.1300, 0.6500, 14.3100
RAW: 41750,0.22,0.10,-0.19,0.56,-2.09,-10.09,
FOOT: 41750, 0, 0, 0, 0
ATT: 41850, 12.480000, 5.760000, 264.570010
GPS: 41850, 277320000, 1, 8, 43.5863150, -110.8282500, 1934.1200, 1936.1300, 0.6500, 14.3100
RAW: 41850,-0.06,0.17,-0.03,0.42,-2.02,-9.38,
FOOT: 41850, 0, 0, 0, 0
ATT: 41951, 11.560000, 5.980000, 265.320010
GPS: 41951, 277320200, 1, 8, 43.5863150, -110.8282500, 1934.1200, 1936.0400, 0.2600, 14.3100
RAW: 41951,-0.19,0.03,0.18,1.34,-2.59,-9.34,
FOOT: 41951, 0, 0, 0, 0
ATT: 42051, 5.520000, 5.840000, 266.220000
GPS: 42051, 277320200, 1, 8, 43.5863150, -110.8282500, 1934.1200, 1936.0400, 0.2600, 14.3100
RAW: 42051,-1.64,0.03,0.34,0.94,-2.61,-11.87,
FOOT: 42051, 0, 0, 0, 0
ATT: 42151, 3.030000, 5.640000, 266.290010
GPS: 42151, 277320400, 1, 9, 43.5863150, -110.8282500, 1934.1400, 1935.8500, 0.3300, 14.3100
RAW: 42151,-0.47,-0.02,-0.09,0.80,-1.25,-9.98,
FOOT: 42151, 0, 0, 0, 0
ATT: 42251, 2.310000, 5.350000, 265.310000
GPS: 42251, 277320400, 1, 9, 43.5863150, -110.8282500, 1934.1600, 1935.8500, 0.3300, 14.3100
RAW: 42251,-0.19,-0.03,-0.11,0.78,-0.63,-9.92,
FOOT: 42251, 0, 0, 0, 0
ATT: 42352, 0.960000, 5.210000, 264.420010
GPS: 42352, 277320600, 1, 9, 43.5863150, -110.8282500, 1934.1200, 1935.9000, 0.1500, 14.3100
RAW: 42352,-0.47,-0.03,-0.18,0.33,-0.21,-9.75,
FOOT: 42352, 0, 0, 0, 0
ATT: 42451, -2.870000, 4.910000, 263.440000
GPS: 42451, 277320600, 1, 9, 43.5863150, -110.8282500, 1934.1200, 1935.9000, 0.1500, 14.3100
RAW: 42451,-0.18,-0.05,-0.07,0.64,0.21,-9.99,
FOOT: 42451, 0, 0, 0, 0
ATT: 42552, -2.860000, 4.640000, 261.970000
GPS: 42552, 277320800, 1, 9, 43.5863150, -110.8282500, 1934.1200, 1935.7200, 0.3000, 14.3100
RAW: 42552,0.05,-0.05,-0.31,0.69,-0.05,-9.04,
FOOT: 42552, 0, 0, 0, 0
ATT: 42652, -1.920000, 0.980000, 260.420010
GPS: 42652, 277320800, 1, 9, 43.5863150, -110.8282500, 1934.1200, 1935.7200, 0.3000, 14.3100
RAW: 42652,-0.19,-0.03,-0.26,-0.09,2.00,-9.03,
FOOT: 42652, 0, 0, 0, 0
ATT: 42753, -1.840000, 0.870000, 260.829990
GPS: 42753, 277321000, 1, 9, 43.5863150, -110.8282500, 1934.1200, 1935.9100, 0.2500, 14.3100
RAW: 42753,0.00,0.01,0.05,-0.08,0.09,-9.40,
FOOT: 42753, 0, 0, 0, 0
ATT: 42853, -2.080000, 0.860000, 260.940000
GPS: 42853, 277321000, 1, 9, 43.5863150, -110.8282500, 1934.1200, 1935.9100, 0.2500, 14.3100
RAW: 42853,-0.01,-0.01,0.00,0.04,0.26,-9.95,
FOOT: 42853, 0, 0, 0, 0
ATT: 42953, -2.130000, 0.800000, 261.010010
GPS: 42953, 277321200, 1, 9, 43.5863150, -110.8282500, 1934.1200, 1936.0800, 0.3600, 14.3100
RAW: 42953,0.00,0.00,-0.00,-0.04,0.23,-9.70,
FOOT: 42953, 0, 0, 0, 0
ATT: 43054, -1.970000, 0.620000, 261.100010
GPS: 43054, 277321200, 1, 9, 43.5863150, -110.8282500, 1934.1200, 1936.0800, 0.3600, 14.3100
RAW: 43054,0.00,-0.00,0.00,-0.09,0.30,-9.83,
FOOT: 43054, 0, 0, 0, 0
ATT: 43154, -1.910000, 0.630000, 261.179990
GPS: 43154, 277321400, 1, 9, 43.5863150, -110.8282500, 1934.1200, 1936.4399, 0.0700, 14.3100
RAW: 43154,0.00,-0.00,0.00,-0.07,0.30,-9.81,
FOOT: 43154, 0, 0, 0, 0
ATT: 43254, -2.020000, 0.940000, 261.250000
GPS: 43254, 277321400, 1, 9, 43.5863150, -110.8282500, 1934.1200, 1936.4399, 0.0700, 14.3100
RAW: 43254,0.00,-0.00,0.00,-0.07,0.28,-9.79,
FOOT: 43254, 0, 0, 0, 0
ATT: 43355, -2.030000, 1.230000, 261.350010
GPS: 43355, 277321600, 1, 9, 43.5863150, -110.8282500, 1934.1300, 1936.5300, 0.1800, 14.3100
RAW: 43355,0.00,-0.00,0.00,-0.05,0.27,-9.82,
FOOT: 43355, 0, 0, 0, 0
ATT: 43454, -1.870000, 1.510000, 261.450010
GPS: 43454, 277321600, 1, 9, 43.5863110, -110.8282400, 1934.1100, 1936.5300, 0.1800, 14.3100
RAW: 43454,0.00,-0.00,-0.00,0.00,0.26,-9.80,
FOOT: 43454, 0, 0, 0, 0
ATT: 43554, -1.770000, 1.530000, 261.560000
GPS: 43554, 277321800, 1, 9, 43.5863110, -110.8282400, 1934.1200, 1936.6899, 0.1600, 14.3100
RAW: 43554,0.00,-0.00,-0.00,0.02,0.28,-9.82,
FOOT: 43554, 0, 0, 0, 0
ATT: 43655, -1.770000, 1.170000, 261.670010
GPS: 43655, 277321800, 1, 9, 43.5863110, -110.8282400, 1934.1200, 1936.6899, 0.1600, 14.3100
RAW: 43655,0.00,-0.00,-0.00,-0.07,0.29,-9.82,
FOOT: 43655, 0, 0, 0, 0
ATT: 43755, -1.730000, 0.900000, 261.760010
GPS: 43755, 277322000, 1, 9, 43.5863110, -110.8282400, 1934.1200, 1936.6801, 0.2200, 14.3100
RAW: 43755,0.00,-0.00,0.00,-0.11,0.30,-9.79,
FOOT: 43755, 0, 0, 0, 0
ATT: 43855, -1.630000, 0.790000, 261.840000
GPS: 43855, 277322000, 1, 9, 43.5863110, -110.8282400, 1934.1300, 1936.6801, 0.2200, 14.3100
RAW: 43855,0.00,-0.00,0.00,-0.04,0.29,-9.78,
FOOT: 43855, 0, 0, 0, 0
ATT: 43956, -1.610000, 0.740000, 261.920010
GPS: 43956, 277322200, 1, 9, 43.5863110, -110.8282400, 1934.1200, 1936.6200, 0.1300, 14.3100
RAW: 43956,0.00,-0.00,-0.00,-0.05,0.27,-9.78,
FOOT: 43956, 0, 0, 0, 0
ATT: 44056, -1.740000, 0.780000, 261.989990
GPS: 44056, 277322200, 1, 9, 43.5863110, -110.8282400, 1934.1200, 1936.6200, 0.1300, 14.3100
RAW: 44056,0.00,-0.00,0.00,-0.03,0.28,-9.79,
FOOT: 44056, 0, 0, 0, 0
ATT: 44156, -1.860000, 0.820000, 262.060000
GPS: 44156, 277322400, 1, 9, 43.5863110, -110.8282400, 1934.1300, 1936.5900, 0.1300, 14.3100
RAW: 44156,0.00,-0.00,-0.00,-0.01,0.27,-9.79,
FOOT: 44156, 0, 0, 0, 0
ATT: 44257, -1.960000, 0.870000, 262.140010
GPS: 44257, 277322400, 1, 9, 43.5863110, -110.8282400, 1934.1400, 1936.5900, 0.1300, 14.3100
RAW: 44257,0.00,-0.00,-0.00,-0.02,0.26,-9.83,
FOOT: 44257, 0, 0, 0, 0
ATT: 44357, -2.020000, 0.870000, 262.220000
GPS: 44357, 277322600, 1, 9, 43.5863110, -110.8282400, 1934.1400, 1936.3500, 0.1500, 14.3100
RAW: 44357,0.00,-0.00,0.00,-0.06,0.29,-9.81,
FOOT: 44357, 0, 0, 0, 0
ATT: 44456, -1.980000, 0.760000, 262.299990
GPS: 44456, 277322600, 1, 9, 43.5863110, -110.8282500, 1934.1300, 1936.3500, 0.1500, 14.3100
RAW: 44456,0.00,-0.00,0.00,-0.06,0.28,-9.79,
FOOT: 44456, 0, 0, 0, 0
ATT: 44557, -1.910000, 0.640000, 262.370000
GPS: 44557, 277322800, 1, 9, 43.5863110, -110.8282500, 1934.1300, 1936.2500, 0.2100, 14.3100
RAW: 44557,0.00,-0.00,0.00,-0.02,0.28,-9.78,
FOOT: 44557, 0, 0, 0, 0
ATT: 44657, -1.800000, 0.490000, 262.440000
GPS: 44657, 277322800, 1, 9, 43.5863110, -110.8282500, 1934.1300, 1936.2500, 0.2100, 14.3100
RAW: 44657,0.00,-0.00,0.00,-0.02,0.28,-9.79,
FOOT: 44657, 0, 0, 0, 0
ATT: 44758, -1.620000, 0.470000, 262.500000
GPS: 44758, 277323000, 1, 9, 43.5863110, -110.8282500, 1934.1200, 1936.3400, 0.1900, 14.3100
RAW: 44758,0.00,-0.00,-0.00,-0.05,0.26,-9.78,
FOOT: 44758, 0, 0, 0, 0
ATT: 44858, -1.340000, 0.640000, 262.549990
GPS: 44858, 277323000, 1, 9, 43.5863110, -110.8282500, 1934.1200, 1936.3400, 0.1900, 14.3100
RAW: 44858,0.00,-0.00,0.00,-0.04,0.27,-9.82,
FOOT: 44858, 0, 0, 0, 0
ATT: 44958, -1.250000, 0.780000, 262.609990
GPS: 44958, 277323200, 1, 9, 43.5863110, -110.8282500, 1934.1400, 1936.4600, 0.0500, 14.3100
RAW: 44958,0.00,-0.00,0.00,-0.03,0.28,-9.81,
FOOT: 44958, 0, 0, 0, 0
ATT: 45059, -1.450000, 0.850000, 262.670010
GPS: 45059, 277323200, 1, 9, 43.5863110, -110.8282400, 1934.1400, 1936.4600, 0.0500, 14.3100
RAW: 45059,0.00,-0.00,0.00,-0.07,0.29,-9.77,
FOOT: 45059, 0, 0, 0, 0
ATT: 45159, -1.520000, 0.780000, 262.730010
GPS: 45159, 277323400, 1, 9, 43.5863110, -110.8282400, 1934.1300, 1936.2900, 0.2100, 14.3100
RAW: 45159,0.00,-0.00,0.00,-0.04,0.28,-9.80,
FOOT: 45159, 0, 0, 0, 0
ATT: 45259, -1.410000, 0.500000, 262.790010
GPS: 45259, 277323400, 1, 9, 43.5863110, -110.8282400, 1934.1200, 1936.2900, 0.2100, 14.3100
RAW: 45259,0.00,-0.00,-0.00,-0.03,0.28,-9.80,
FOOT: 45259, 0, 0, 0, 0
ATT: 45360, -1.380000, 0.280000, 262.840000
GPS: 45360, 277323600, 1, 9, 43.5863110, -110.8282400, 1934.1300, 1936.2000, 0.2400, 14.3100
RAW: 45360,0.00,-0.00,-0.00,-0.02,0.28,-9.78,
FOOT: 45360, 0, 0, 0, 0
ATT: 45459, -1.480000, 0.150000, 262.880000
GPS: 45459, 277323600, 1, 9, 43.5863110, -110.8282500, 1934.1600, 1936.2000, 0.2400, 14.3100
RAW: 45459,0.00,-0.00,0.00,-0.05,0.29,-9.81,
FOOT: 45459, 0, 0, 0, 0
ATT: 45559, -1.450000, 0.080000, 262.920010
GPS: 45559, 277323800, 1, 9, 43.5863110, -110.8282500, 1934.1700, 1936.2200, 0.3000, 14.3100
RAW: 45559,0.00,-0.00,0.00,-0.03,0.29,-9.80,
FOOT: 45559, 0, 0, 0, 0
ATT: 45660, -1.230000, 0.100000, 262.950010
GPS: 45660, 277323800, 1, 9, 43.5863110, -110.8282500, 1934.1600, 1936.2200, 0.3000, 14.3100
RAW: 45660,0.00,-0.00,-0.00,-0.04,0.25,-9.79,
FOOT: 45660, 0, 0, 0, 0
ATT: 45760, -1.160000, 0.100000, 262.989990
GPS: 45760, 277324000, 1, 9, 43.5863110, -110.8282500, 1934.1400, 1936.2200, 0.2500, 14.3100
RAW: 45760,0.00,-0.00,0.00,-0.04,0.29,-9.80,
FOOT: 45760, 0, 0, 0, 0
ATT: 45860, -1.300000, 0.060000, 263.019990
GPS: 45860, 277324000, 1, 9, 43.5863110, -110.8282400, 1934.1500, 1936.2200, 0.2500, 14.3100
RAW: 45860,0.00,-0.00,0.00,-0.03,0.30,-9.85,
FOOT: 45860, 0, 0, 0, 0
ATT: 45961, -1.490000, 0.060000, 263.049990
GPS: 45961, 277324200, 1, 9, 43.5863110, -110.8282400, 1934.1500, 1936.1000, 0.1700, 14.3100
RAW: 45961,0.00,-0.00,-0.00,-0.03,0.27,-9.81,
FOOT: 45961, 0, 0, 0, 0
ATT: 46061, -1.720000, 0.120000, 263.079990
GPS: 46061, 277324200, 1, 9, 43.5863110, -110.8282500, 1934.1600, 1936.1000, 0.1700, 14.3100
RAW: 46061,0.00,-0.00,-0.00,-0.06,0.26,-9.80,
FOOT: 46061, 0, 0, 0, 0
ATT: 46161, -1.870000, 0.210000, 263.109990
GPS: 46161, 277324400, 1, 9, 43.5863110, -110.8282500, 1934.1600, 1936.1000, 0.1200, 14.3100
RAW: 46161,0.00,-0.00,0.00,-0.03,0.29,-9.79,
FOOT: 46161, 0, 0, 0, 0
ATT: 46261, -1.910000, 0.340000, 263.149990
GPS: 46261, 277324400, 1, 9, 43.5863080, -110.8282500, 1934.1500, 1936.1000, 0.1200, 14.3100
RAW: 46261,0.00,-0.00,0.00,-0.04,0.28,-9.83,
FOOT: 46261, 0, 0, 0, 0
ATT: 46362, -1.860000, 0.400000, 263.200010
GPS: 46362, 277324600, 1, 9, 43.5863080, -110.8282500, 1934.1700, 1936.3300, 0.0800, 14.3100
RAW: 46362,0.00,-0.00,0.00,-0.03,0.28,-9.80,
FOOT: 46362, 0, 0, 0, 0
ATT: 46461, -1.660000, 0.340000, 263.250000
GPS: 46461, 277324600, 1, 9, 43.5863040, -110.8282500, 1934.1700, 1936.3300, 0.0800, 14.3100
RAW: 46461,0.00,-0.00,0.00,-0.03,0.29,-9.84,
FOOT: 46461, 0, 0, 0, 0
ATT: 46562, -1.420000, 0.160000, 263.290010
GPS: 46562, 277324800, 1, 9, 43.5863040, -110.8282500, 1934.2000, 1936.5100, 0.4600, 14.3100
RAW: 46562,0.00,-0.00,0.00,-0.03,0.27,-9.80,
FOOT: 46562, 0, 0, 0, 0
ATT: 46662, -1.090000, -0.170000, 263.320010
GPS: 46662, 277324800, 1, 9, 43.5863040, -110.8282500, 1934.1801, 1936.5100, 0.4600, 14.3100
RAW: 46662,0.00,-0.00,-0.00,-0.00,0.29,-9.78,
FOOT: 46662, 0, 0, 0, 0
ATT: 46763, -0.850000, -0.200000, 263.329990
GPS: 46763, 277325000, 1, 9, 43.5863040, -110.8282500, 1934.1801, 1936.3300, 0.4000, 14.3100
RAW: 46763,0.00,-0.00,0.00,-0.03,0.26,-9.79,
FOOT: 46763, 0, 0, 0, 0
ATT: 46863, -0.740000, 0.250000, 263.340000
GPS: 46863, 277325000, 1, 9, 43.5863040, -110.8282500, 1934.1700, 1936.3300, 0.4000, 14.3100
RAW: 46863,0.00,-0.00,-0.00,-0.05,0.26,-9.78,
FOOT: 46863, 0, 0, 0, 0
ATT: 46963, -0.850000, 0.440000, 263.370000
GPS: 46963, 277325200, 1, 9, 43.5863040, -110.8282500, 1934.1801, 1936.3000, 0.1900, 14.3100
RAW: 46963,0.00,-0.00,0.00,-0.03,0.27,-9.82,
FOOT: 46963, 0, 0, 0, 0
ATT: 47064, -1.270000, 0.220000, 263.399990
GPS: 47064, 277325200, 1, 9, 43.5863080, -110.8282500, 1934.1700, 1936.3000, 0.1900, 14.3100
RAW: 47064,0.00,-0.00,-0.00,-0.01,0.27,-9.77,
FOOT: 47064, 0, 0, 0, 0
ATT: 47164, -1.550000, 0.100000, 263.420010
GPS: 47164, 277325400, 1, 9, 43.5863080, -110.8282500, 1934.1700, 1936.3101, 0.1600, 14.3100
RAW: 47164,0.00,-0.00,0.00,-0.05,0.28,-9.81,
FOOT: 47164, 0, 0, 0, 0
ATT: 47264, -1.630000, 0.120000, 263.450010
GPS: 47264, 277325400, 1, 9, 43.5863080, -110.8282500, 1934.1600, 1936.3101, 0.1600, 14.3100
RAW: 47264,0.00,-0.00,0.00,-0.04,0.27,-9.80,
FOOT: 47264, 0, 0, 0, 0
ATT: 47365, -1.650000, 0.140000, 263.480010
GPS: 47365, 277325600, 1, 9, 43.5863080, -110.8282500, 1934.1801, 1936.3199, 0.1300, 14.3100
RAW: 47365,0.00,-0.00,0.00,-0.03,0.31,-9.80,
FOOT: 47365, 0, 0, 0, 0
ATT: 47464, -1.570000, 0.150000, 263.510010
GPS: 47464, 277325600, 1, 9, 43.5863040, -110.8282500, 1934.1801, 1936.3199, 0.1300, 14.3100
RAW: 47464,0.00,-0.00,0.00,-0.04,0.29,-9.82,
FOOT: 47464, 0, 0, 0, 0
ATT: 47564, -1.540000, 0.230000, 263.540010
GPS: 47564, 277325800, 1, 9, 43.5863040, -110.8282500, 1934.1801, 1936.2900, 0.0900, 14.3100
RAW: 47564,0.00,-0.00,0.00,-0.02,0.27,-9.79,
FOOT: 47564, 0, 0, 0, 0
ATT: 47665, -1.570000, 0.400000, 263.570010
GPS: 47665, 277325800, 1, 9, 43.5863040, -110.8282500, 1934.1700, 1936.2900, 0.0900, 14.3100
RAW: 47665,0.00,-0.00,0.00,-0.04,0.29,-9.79,
FOOT: 47665, 0, 0, 0, 0
ATT: 47765, -1.540000, 0.310000, 263.609990
GPS: 47765, 277326000, 1, 9, 43.5863040, -110.8282500, 1934.1400, 1936.2000, 0.3500, 14.3100
RAW: 47765,0.00,-0.00,0.00,-0.03,0.28,-9.82,
FOOT: 47765, 0, 0, 0, 0
ATT: 47865, -1.400000, -0.160000, 263.640010
GPS: 47865, 277326000, 1, 9, 43.5863040, -110.8282500, 1934.1700, 1936.2000, 0.3500, 14.3100
RAW: 47865,0.00,-0.00,-0.00,-0.03,0.29,-9.80,
FOOT: 47865, 0, 0, 0, 0
ATT: 47966, -1.420000, -0.490000, 263.649990
GPS: 47966, 277326200, 1, 9, 43.5863040, -110.8282500, 1934.1700, 1935.9100, 0.4500, 14.3100
RAW: 47966,0.00,-0.00,0.00,-0.03,0.28,-9.79,
FOOT: 47966, 0, 0, 0, 0
ATT: 48066, -1.680000, -0.580000, 263.660000
GPS: 48066, 277326200, 1, 9, 43.5863040, -110.8282500, 1934.1500, 1935.9100, 0.4500, 14.3100
RAW: 48066,0.00,-0.00,0.00,-0.02,0.27,-9.80,
FOOT: 48066, 0, 0, 0, 0
ATT: 48166, -1.740000, -0.590000, 263.660000
GPS: 48166, 277326400, 1, 9, 43.5863040, -110.8282500, 1934.1700, 1935.8400, 0.3500, 14.3100
RAW: 48166,0.00,-0.00,-0.00,-0.02,0.29,-9.82,
FOOT: 48166, 0, 0, 0, 0
ATT: 48267, -1.480000, -0.500000, 263.660000
GPS: 48267, 277326400, 1, 9, 43.5863040, -110.8282500, 1934.1600, 1935.8400, 0.3500, 14.3100
RAW: 48267,0.00,-0.00,-0.00,-0.04,0.28,-9.78,
FOOT: 48267, 0, 0, 0, 0
ATT: 48367, -1.280000, -0.450000, 263.660000
GPS: 48367, 277326600, 1, 9, 43.5863040, -110.8282500, 1934.1801, 1935.6200, 0.3500, 14.3100
RAW: 48367,0.00,-0.00,0.00,-0.03,0.28,-9.78,
FOOT: 48367, 0, 0, 0, 0
ATT: 48466, -1.160000, -0.430000, 263.660000
GPS: 48466, 277326600, 1, 9, 43.5863040, -110.8282500, 1934.2000, 1935.6200, 0.3500, 14.3100
RAW: 48466,0.00,-0.00,0.00,-0.01,0.29,-9.78,
FOOT: 48466, 0, 0, 0, 0
ATT: 48567, -1.310000, -0.230000, 263.670010
GPS: 48567, 277326800, 1, 9, 43.5863040, -110.8282500, 1934.2100, 1935.3400, 0.3300, 14.3100
RAW: 48567,0.00,-0.00,0.00,-0.04,0.27,-9.81,
FOOT: 48567, 0, 0, 0, 0
ATT: 48667, -1.860000, 0.240000, 263.690000
GPS: 48667, 277326800, 1, 9, 43.5863040, -110.8282500, 1934.1899, 1935.3400, 0.3300, 14.3100
RAW: 48667,0.00,-0.00,0.00,-0.03,0.28,-9.80,
FOOT: 48667, 0, 0, 0, 0
ATT: 48768, -2.100000, 0.430000, 263.720000
GPS: 48768, 277327000, 1, 9, 43.5863040, -110.8282500, 1934.2200, 1935.0699, 0.2400, 14.3100
RAW: 48768,0.00,-0.00,0.00,-0.03,0.27,-9.80,
FOOT: 48768, 0, 0, 0, 0
ATT: 48868, -1.890000, 0.180000, 263.769990
GPS: 48868, 277327000, 1, 9, 43.5863040, -110.8282500, 1934.1899, 1935.0699, 0.2400, 14.3100
RAW: 48868,0.00,-0.00,-0.00,-0.03,0.29,-9.78,
FOOT: 48868, 0, 0, 0, 0
ATT: 48968, -1.610000, 0.000000, 263.799990
GPS: 48968, 277327200, 1, 9, 43.5863040, -110.8282500, 1934.1899, 1935.0100, 0.3000, 14.3100
RAW: 48968,0.00,-0.00,-0.00,-0.05,0.28,-9.79,
FOOT: 48968, 0, 0, 0, 0
ATT: 49069, -1.270000, -0.100000, 263.820010
GPS: 49069, 277327200, 1, 9, 43.5863040, -110.8282500, 1934.2100, 1935.0100, 0.3000, 14.3100
RAW: 49069,0.00,-0.00,0.00,-0.04,0.27,-9.80,
FOOT: 49069, 0, 0, 0, 0
ATT: 49169, -1.140000, -0.130000, 263.840000
GPS: 49169, 277327400, 1, 9, 43.5863040, -110.8282500, 1934.2000, 1934.8000, 0.1900, 14.3100
RAW: 49169,0.00,-0.00,0.00,-0.03,0.29,-9.79,
FOOT: 49169, 0, 0, 0, 0
ATT: 49268, -1.320000, -0.060000, 263.850010
GPS: 49268, 277327400, 1, 9, 43.5863040, -110.8282500, 1934.2000, 1934.8000, 0.1900, 14.3100
RAW: 49268,0.00,-0.00,0.00,-0.01,0.28,-9.80,
FOOT: 49268, 0, 0, 0, 0
ATT: 49370, -1.380000, -0.080000, 263.870000
GPS: 49370, 277327600, 1, 9, 43.5863040, -110.8282500, 1934.2100, 1934.6300, 0.3500, 14.3100
RAW: 49370,0.00,-0.00,0.00,-0.05,0.29,-9.81,
FOOT: 49370, 0, 0, 0, 0
ATT: 49469, -1.250000, -0.260000, 263.890010
GPS: 49469, 277327600, 1, 9, 43.5863040, -110.8282500, 1934.2400, 1934.6300, 0.3500, 14.3100
RAW: 49469,0.00,-0.00,0.00,-0.03,0.27,-9.77,
FOOT: 49469, 0, 0, 0, 0
ATT: 49569, -1.120000, -0.450000, 263.899990
GPS: 49569, 277327800, 1, 9, 43.5863040, -110.8282500, 1934.2300, 1934.4100, 0.5900, 14.3100
RAW: 49569,0.00,-0.00,0.00,-0.03,0.28,-9.80,
FOOT: 49569, 0, 0, 0, 0
ATT: 49671, -0.990000, -0.650000, 263.899990
GPS: 49671, 277327800, 1, 9, 43.5863040, -110.8282500, 1934.2200, 1934.4100, 0.5900, 14.3100
RAW: 49671,0.00,-0.00,0.00,-0.02,0.27,-9.81,
FOOT: 49671, 0, 0, 0, 0
ATT: 49770, -1.050000, -0.800000, 263.890010
GPS: 49770, 277328000, 1, 9, 43.5863040, -110.8282500, 1934.2300, 1934.2200, 0.5900, 14.3100
RAW: 49770,0.00,-0.00,-0.00,-0.05,0.29,-9.78,
FOOT: 49770, 0, 0, 0, 0
ATT: 49870, -1.400000, -0.860000, 263.890010
GPS: 49870, 277328000, 1, 9, 43.5863040, -110.8282600, 1934.2200, 1934.2200, 0.5900, 14.3100
RAW: 49870,-0.00,-0.00,0.00,-0.04,0.29,-9.80,
FOOT: 49870, 0, 0, 0, 0
ATT: 49971, -1.580000, -0.920000, 263.880000
GPS: 49971, 277328200, 1, 9, 43.5863040, -110.8282600, 1934.1899, 1934.2100, 0.6600, 14.3100
RAW: 49971,0.00,-0.00,0.00,-0.07,0.28,-9.81,
FOOT: 49971, 0, 0, 0, 0
ATT: 50071, -1.480000, -0.980000, 263.870000
GPS: 50071, 277328200, 1, 9, 43.5863040, -110.8282600, 1934.2100, 1934.2100, 0.6600, 14.3100
RAW: 50071,0.00,-0.00,0.00,-0.04,0.28,-9.80,
FOOT: 50071, 0, 0, 0, 0
ATT: 50171, -1.450000, -0.910000, 263.859990
GPS: 50171, 277328400, 1, 9, 43.5863040, -110.8282600, 1934.1899, 1934.1801, 0.4400, 14.3100
RAW: 50171,0.01,0.00,0.00,-0.03,0.25,-9.79,
FOOT: 50171, 0, 0, 0, 0
ATT: 50271, -1.510000, -0.640000, 263.850010
GPS: 50271, 277328400, 1, 9, 43.5863040, -110.8282600, 1934.2200, 1934.1801, 0.4400, 14.3100
RAW: 50271,0.01,-0.00,0.00,-0.04,0.28,-9.82,
FOOT: 50271, 0, 0, 0, 0
ATT: 50372, -1.560000, -0.500000, 263.859990
GPS: 50372, 277328600, 1, 9, 43.5863040, -110.8282600, 1934.2300, 1934.1801, 0.5300, 14.3100
RAW: 50372,0.02,0.00,0.00,-0.04,0.26,-9.80,
FOOT: 50372, 0, 0, 0, 0
ATT: 50471, -1.640000, -0.580000, 263.859990
GPS: 50471, 277328600, 1, 9, 43.5863040, -110.8282600, 1934.2500, 1934.1801, 0.5300, 14.3100
RAW: 50471,-0.02,-0.01,-0.00,-0.01,0.23,-9.84,
FOOT: 50471, 0, 0, 0, 0
ATT: 50572, -1.580000, -0.540000, 263.859990
GPS: 50572, 277328800, 1, 9, 43.5863040, -110.8282600, 1934.2700, 1934.0500, 0.3700, 14.3100
RAW: 50572,0.01,-0.00,0.00,-0.05,0.23,-9.80,
FOOT: 50572, 0, 0, 0, 0
ATT: 50672, -1.220000, -0.320000, 263.870000
GPS: 50672, 277328800, 1, 9, 43.5863040, -110.8282600, 1934.2700, 1934.0500, 0.3700, 14.3100
RAW: 50672,0.01,-0.00,0.00,-0.04,0.25,-9.81,
FOOT: 50672, 0, 0, 0, 0
ATT: 50772, -0.960000, -0.340000, 263.870000
GPS: 50772, 277329000, 1, 9, 43.5863040, -110.8282600, 1934.2700, 1933.8101, 0.6700, 14.3100
RAW: 50772,-0.00,-0.00,-0.00,-0.04,0.24,-9.84,
FOOT: 50772, 0, 0, 0, 0
ATT: 50873, -0.880000, -0.690000, 263.870000
GPS: 50873, 277329000, 1, 9, 43.5863040, -110.8282600, 1934.2400, 1933.8101, 0.6700, 14.3100
RAW: 50873,0.01,-0.00,0.00,-0.05,0.26,-9.81,
FOOT: 50873, 0, 0, 0, 0
ATT: 50973, -0.830000, -0.820000, 263.859990
GPS: 50973, 277329200, 1, 9, 43.5863040, -110.8282600, 1934.2400, 1933.7100, 0.5000, 14.3100
RAW: 50973,0.01,-0.01,0.00,-0.01,0.23,-9.83,
FOOT: 50973, 0, 0, 0, 0
ATT: 51074, -1.070000, -0.610000, 263.850010
GPS: 51074, 277329200, 1, 9, 43.5863000, -110.8282600, 1934.2300, 1933.7100, 0.5000, 14.3100
RAW: 51074,-0.03,-0.00,0.00,-0.01,0.25,-9.85,
FOOT: 51074, 0, 0, 0, 0
ATT: 51174, -1.040000, -0.510000, 263.850010
GPS: 51174, 277329400, 1, 9, 43.5863000, -110.8282600, 1934.2200, 1933.6801, 0.6100, 14.3100
RAW: 51174,-0.00,-0.00,0.00,-0.04,0.19,-9.82,
FOOT: 51174, 0, 0, 0, 0
ATT: 51273, -0.700000, -0.600000, 263.850010
GPS: 51273, 277329400, 1, 9, 43.5863000, -110.8282600, 1934.2300, 1933.6801, 0.6100, 14.3100
RAW: 51273,0.00,-0.00,-0.00,-0.05,0.23,-9.82,
FOOT: 51273, 0, 0, 0, 0
ATT: 51375, -0.640000, -0.680000, 263.850010
GPS: 51375, 277329600, 1, 9, 43.5863000, -110.8282600, 1934.2200, 1933.5699, 0.6600, 14.3100
RAW: 51375,0.00,-0.00,0.00,-0.06,0.22,-9.80,
FOOT: 51375, 0, 0, 0, 0
ATT: 51474, -1.060000, -0.720000, 263.840000
GPS: 51474, 277329600, 1, 9, 43.5863000, -110.8282600, 1934.2300, 1933.5699, 0.6600, 14.3100
RAW: 51474,-0.00,-0.00,0.00,-0.08,0.22,-9.79,
FOOT: 51474, 0, 0, 0, 0
ATT: 51574, -1.090000, -0.650000, 263.840000
GPS: 51574, 277329800, 1, 9, 43.5863000, -110.8282600, 1934.2200, 1933.4800, 0.5100, 14.3100
RAW: 51574,-0.01,-0.00,0.00,-0.04,0.23,-9.81,
FOOT: 51574, 0, 0, 0, 0
ATT: 51675, -0.470000, -0.400000, 263.840000
GPS: 51675, 277329800, 1, 9, 43.5863000, -110.8282600, 1934.2500, 1933.4800, 0.5100, 14.3100
RAW: 51675,0.00,-0.00,0.00,-0.01,0.24,-9.81,
FOOT: 51675, 0, 0, 0, 0
ATT: 51775, -0.070000, -0.360000, 263.829990
GPS: 51775, 277330000, 1, 9, 43.5863000, -110.8282600, 1934.2400, 1933.4200, 0.8400, 14.3100
RAW: 51775,0.00,-0.00,-0.00,-0.03,0.22,-9.81,
FOOT: 51775, 0, 0, 0, 0
