ATT: 24290, 0.000000, 0.000000, 189.780000, -170.000000
GPS: 24290, 0, 0, 0, 0.0000000, 0.0000000, 0.0000, 0.0000, 0.0000, 0.0000
RAW: 24290,0.00,0.00,0.00,-0.01,0.00,-9.79,0.00
ATT: 24385, 0.000000, 0.000000, 189.789990, -170.000000
GPS: 24385, 0, 0, 0, 0.0000000, 0.0000000, 0.0000, 0.0000, 0.0000, 0.0000
RAW: 24385,0.00,0.00,0.00,0.01,0.00,-9.82,-0.02
ATT: 24494, 0.000000, 0.000000, 189.780000, -170.000000
GPS: 24494, 0, 0, 0, 0.0000000, 0.0000000, -0.0400, 0.0000, 0.0000, 0.0000
RAW: 24494,0.00,0.00,0.00,0.01,-0.00,-9.80,-0.13
ATT: 24585, 0.000000, 0.000000, 189.780000, -170.000000
GPS: 24585, 0, 0, 0, 0.0000000, 0.0000000, -0.0100, 0.0000, 0.0000, 0.0000
RAW: 24585,0.00,0.00,0.00,-0.00,0.02,-9.82,0.05
ATT: 24692, 0.000000, 0.000000, 189.780000, -170.000000
GPS: 24692, 0, 0, 0, 0.0000000, 0.0000000, -0.0300, 0.0000, 0.0000, 0.0000
RAW: 24692,0.00,0.00,-0.00,0.01,-0.00,-9.82,-0.08
ATT: 24792, 0.000000, 0.000000, 189.780000, -170.000000
GPS: 24792, 0, 0, 0, 0.0000000, 0.0000000, -0.0300, 0.0000, 0.0000, 0.0000
RAW: 24792,0.00,0.00,0.00,0.01,-0.01,-9.83,-0.02
ATT: 24885, 0.000000, 0.000000, 189.780000, -170.000000
GPS: 24885, 0, 0, 0, 0.0000000, 0.0000000, -0.0300, 0.0000, 0.0000, 0.0000
RAW: 24885,0.00,-0.00,0.00,0.01,0.01,-9.80,-0.05
ATT: 24990, 0.000000, 0.000000, 189.780000, -170.000000
GPS: 24990, 0, 0, 0, 0.0000000, 0.0000000, -0.0400, 0.0000, 0.0000, 0.0000
RAW: 24990,0.00,0.00,-0.00,0.02,-0.01,-9.83,-0.05
ATT: 25096, 0.000000, 0.010000, 189.780000, -170.000000
GPS: 25096, 0, 0, 0, 0.0000000, 0.0000000, -0.0400, 0.0000, 0.0000, 0.0000
RAW: 25096,0.00,0.00,0.00,0.02,0.00,-9.80,-0.05
ATT: 25184, 0.000000, 0.000000, 189.780000, -170.000000
GPS: 25184, 0, 0, 0, 0.0000000, 0.0000000, -0.0800, 0.0000, 0.0000, 0.0000
RAW: 25184,-0.00,0.00,0.00,0.01,-0.00,-9.80,-0.18
ATT: 25284, 0.000000, 0.010000, 189.780000, -170.000000
GPS: 25284, 0, 0, 0, 0.0000000, 0.0000000, -0.0500, 0.0000, 0.0000, 0.0000
RAW: 25284,0.00,0.00,0.00,0.00,-0.02,-9.83,0.02
ATT: 25383, 0.000000, 0.010000, 189.780000, -170.000000
GPS: 25383, 0, 0, 0, 0.0000000, 0.0000000, -0.0600, 0.0000, 0.0000, 0.0000
RAW: 25383,0.00,0.00,0.00,-0.00,0.00,-9.81,-0.10
ATT: 25484, 0.000000, 0.020000, 189.770000, -170.000000
GPS: 25484, 0, 0, 0, 0.0000000, 0.0000000, -0.0700, 0.0000, 0.0000, 0.0000
RAW: 25484,-0.00,0.00,-0.00,0.02,0.02,-9.81,-0.08
ATT: 25584, 0.000000, 0.020000, 189.770000, -170.000000
GPS: 25584, 0, 0, 0, 0.0000000, 0.0000000, -0.0800, 0.0000, 0.0000, 0.0000
RAW: 25584,0.00,-0.00,0.00,0.01,-0.02,-9.81,-0.11
ATT: 25684, 0.000000, 0.020000, 189.770000, -170.000000
GPS: 25684, 0, 0, 0, 0.0000000, 0.0000000, -0.0900, 0.0000, 0.0000, 0.0000
RAW: 25684,0.00,-0.00,-0.00,-0.01,0.01,-9.79,-0.12
ATT: 25785, 0.000000, 0.020000, 189.780000, -170.000000
GPS: 25785, 0, 0, 0, 0.0000000, 0.0000000, -0.0900, 0.0000, 0.0000, 0.0000
RAW: 25785,-0.00,0.00,0.00,0.00,0.00,-9.82,-0.10
ATT: 25884, 0.000000, 0.020000, 189.780000, -170.000000
GPS: 25884, 0, 0, 0, 0.0000000, 0.0000000, -0.0700, 0.0000, 0.0000, 0.0000
RAW: 25884,0.00,0.00,-0.00,0.01,0.00,-9.82,-0.04
ATT: 25985, 0.000000, 0.020000, 189.780000, -170.000000
GPS: 25985, 0, 0, 0, 0.0000000, 0.0000000, -0.1100, 0.0000, 0.0000, 0.0000
RAW: 25985,0.00,-0.00,0.00,0.01,-0.01,-9.80,-0.21
ATT: 26085, 0.000000, 0.030000, 189.780000, -170.000000
GPS: 26085, 0, 0, 0, 0.0000000, 0.0000000, -0.1300, 0.0000, 0.0000, 0.0000
RAW: 26085,0.00,0.00,-0.00,0.00,-0.00,-9.83,-0.16
ATT: 26185, -0.060000, 0.050000, 189.759990, -170.000000
GPS: 26185, 0, 0, 0, 0.0000000, 0.0000000, -0.1000, 0.0000, 0.0000, 0.0000
RAW: 26185,-0.06,0.00,-0.00,-0.02,-0.01,-9.88,-0.04
ATT: 26286, -0.250000, 0.140000, 189.410000, -170.000000
GPS: 26286, 8036, 0, 0, 0.0000000, 0.0000000, -0.0900, 137.0000, 0.0000, 0.0000
RAW: 26286,-0.07,0.02,-0.09,0.06,0.02,-9.82,-0.07
ATT: 26385, -0.530000, 0.210000, 189.100010, -170.000000
GPS: 26385, 8036, 0, 0, 0.0000000, 0.0000000, -0.0800, 137.0000, 0.0000, 0.0000
RAW: 26385,-0.01,0.01,-0.01,0.04,0.09,-9.85,-0.05
ATT: 26485, -0.640000, 0.250000, 188.899990, -171.000000
GPS: 26485, 8236, 0, 0, 0.0000000, 0.0000000, -0.0600, 137.0000, 0.0000, 0.0000
RAW: 26485,-0.04,0.02,-0.06,0.04,0.06,-9.90,-0.02
ATT: 26586, -0.740000, 0.340000, 188.330000, -171.000000
GPS: 26586, 8236, 0, 0, 0.0000000, 0.0000000, -0.0800, 137.0000, 0.0000, 0.0000
RAW: 26586,-0.02,0.02,-0.08,0.07,0.12,-9.79,-0.15
ATT: 26686, -0.890000, 0.420000, 187.950000, -172.000000
GPS: 26686, 8435, 0, 0, 0.0000000, 0.0000000, -0.0700, 137.0000, 0.0000, 0.0000
RAW: 26686,-0.03,0.02,-0.06,0.10,0.16,-9.85,-0.06
ATT: 26785, -0.960000, 0.520000, 187.600010, -172.000000
GPS: 26785, 8435, 0, 0, 0.0000000, 0.0000000, -0.1000, 137.0000, 0.0000, 0.0000
RAW: 26785,-0.01,0.02,-0.06,0.05,0.17,-9.81,-0.16
ATT: 26886, -1.090000, 0.650000, 187.240010, -173.000000
GPS: 26886, 8635, 0, 0, 0.0000000, 0.0000000, -0.1000, 137.0000, 0.0000, 0.0000
RAW: 26886,-0.01,0.02,-0.03,0.12,0.17,-9.87,-0.10
ATT: 26986, -1.180000, 0.780000, 186.850010, -173.000000
GPS: 26986, 8635, 0, 0, 0.0000000, 0.0000000, -0.1000, 137.0000, 0.0000, 0.0000
RAW: 26986,-0.03,0.04,-0.09,0.15,0.14,-9.87,-0.11
ATT: 27086, -1.290000, 0.900000, 186.450000, -174.000000
GPS: 27086, 8835, 0, 0, 0.0000000, 0.0000000, -0.1100, 137.0000, 0.0000, 0.0000
RAW: 27086,-0.01,0.01,-0.04,0.19,0.15,-9.87,-0.14
ATT: 27187, -1.320000, 0.950000, 186.100010, -174.000000
GPS: 27187, 8835, 0, 0, 0.0000000, 0.0000000, -0.1100, 137.0000, 0.0000, 0.0000
RAW: 27187,-0.01,0.01,-0.05,0.22,0.16,-9.84,-0.10
ATT: 27286, -1.360000, 1.020000, 185.800000, -175.000000
GPS: 27286, 9036, 0, 0, 0.0000000, 0.0000000, -0.1200, 137.0000, 0.0000, 0.0000
RAW: 27286,-0.01,0.01,-0.01,0.20,0.19,-9.89,-0.15
ATT: 27386, -1.400000, 1.040000, 185.770000, -175.000000
GPS: 27386, 9036, 0, 0, 0.0000000, 0.0000000, -0.1100, 137.0000, 0.0000, 0.0000
RAW: 27386,-0.00,0.00,0.00,0.22,0.15,-9.88,-0.10
ATT: 27487, -1.380000, 1.060000, 185.690000, -175.000000
GPS: 27487, 9236, 0, 0, 0.0000000, 0.0000000, -0.0900, 137.0000, 0.0000, 0.0000
RAW: 27487,-0.00,0.00,-0.01,0.23,0.14,-9.86,-0.06
ATT: 27587, -1.380000, 1.080000, 185.630000, -175.000000
GPS: 27587, 9236, 0, 0, 0.0000000, 0.0000000, -0.1000, 137.0000, 0.0000, 0.0000
RAW: 27587,0.00,0.00,-0.00,0.23,0.14,-9.87,-0.11
ATT: 27687, -1.370000, 1.100000, 185.580000, -175.000000
GPS: 27687, 9435, 0, 0, 0.0000000, 0.0000000, -0.1500, 137.0000, 0.0000, 0.0000
RAW: 27687,-0.00,0.00,-0.00,0.23,0.14,-9.87,-0.27
ATT: 27787, -1.350000, 1.110000, 185.530000, -175.000000
GPS: 27787, 9435, 0, 0, 0.0000000, 0.0000000, -0.1800, 137.0000, 0.0000, 0.0000
RAW: 27787,0.00,0.00,-0.00,0.22,0.17,-9.85,-0.25
ATT: 27887, -1.330000, 1.130000, 185.490010, -175.000000
GPS: 27887, 9635, 0, 0, 0.0000000, 0.0000000, -0.1700, 137.0000, 0.0000, 0.0000
RAW: 27887,0.00,0.00,0.00,0.24,0.15,-9.85,-0.17
ATT: 27987, -1.330000, 1.140000, 185.450000, -175.000000
GPS: 27987, 9635, 0, 0, 0.0000000, 0.0000000, -0.2000, 137.0000, 0.0000, 0.0000
RAW: 27987,-0.00,0.00,-0.00,0.23,0.14,-9.85,-0.25
ATT: 28088, -1.330000, 1.150000, 185.380000, -175.000000
GPS: 28088, 9835, 0, 0, 0.0000000, 0.0000000, -0.1900, 137.0000, 0.0000, 0.0000
RAW: 28088,0.00,0.00,-0.01,0.27,0.07,-9.85,-0.18
ATT: 28187, -1.380000, 1.210000, 185.280000, -175.000000
GPS: 28187, 9835, 0, 0, 0.0000000, 0.0000000, -0.1600, 137.0000, 0.0000, 0.0000
RAW: 28187,-0.01,0.01,-0.01,0.25,0.17,-9.85,-0.10
ATT: 28288, -1.450000, 1.310000, 185.210010, -175.000000
GPS: 28288, 10036, 0, 0, 0.0000000, 0.0000000, -0.1400, 137.0000, 0.0000, 0.0000
RAW: 28288,-0.02,0.01,-0.01,0.28,0.17,-9.84,-0.11
ATT: 28388, -1.500000, 1.370000, 185.140000, -175.000000
GPS: 28388, 10036, 0, 0, 0.0000000, 0.0000000, -0.1600, 137.0000, 0.0000, 0.0000
RAW: 28388,-0.01,0.01,-0.00,0.27,0.18,-9.87,-0.21
ATT: 28488, -1.510000, 1.400000, 185.100010, -175.000000
GPS: 28488, 10236, 0, 0, 0.0000000, 0.0000000, -0.1700, 137.0000, 0.0000, 0.0000
RAW: 28488,0.00,0.00,0.00,0.29,0.19,-9.87,-0.18
ATT: 28589, -1.500000, 1.410000, 185.070010, -175.000000
GPS: 28589, 10236, 0, 0, 0.0000000, 0.0000000, -0.1700, 137.0000, 0.0000, 0.0000
RAW: 28589,0.00,0.00,0.00,0.27,0.18,-9.90,-0.18
ATT: 28689, -1.480000, 1.410000, 185.039990, -175.000000
GPS: 28689, 10435, 0, 0, 0.0000000, 0.0000000, -0.1800, 137.0000, 0.0000, 0.0000
RAW: 28689,0.00,0.00,0.00,0.28,0.21,-9.89,-0.20
ATT: 28788, -1.470000, 1.420000, 185.009990, -175.000000
GPS: 28788, 10435, 0, 0, 0.0000000, 0.0000000, -0.1700, 137.0000, 0.0000, 0.0000
RAW: 28788,-0.00,0.00,0.00,0.29,0.20,-9.88,-0.17
ATT: 28889, -1.460000, 1.430000, 184.980000, -175.000000
GPS: 28889, 10635, 0, 0, 0.0000000, 0.0000000, -0.1700, 137.0000, 0.0000, 0.0000
RAW: 28889,0.00,0.00,0.00,0.27,0.19,-9.86,-0.17
ATT: 28989, -1.450000, 1.440000, 184.950000, -175.000000
GPS: 28989, 10635, 0, 0, 0.0000000, 0.0000000, -0.1700, 137.0000, 0.0000, 0.0000
RAW: 28989,-0.00,0.00,-0.00,0.27,0.19,-9.87,-0.17
ATT: 29089, -1.440000, 1.450000, 184.929990, -175.000000
GPS: 29089, 10835, 0, 0, 0.0000000, 0.0000000, -0.1600, 137.0000, 0.0000, 0.0000
RAW: 29089,0.00,0.00,0.00,0.27,0.21,-9.90,-0.15
ATT: 29189, -1.430000, 1.450000, 184.910000, -175.000000
GPS: 29189, 10835, 0, 0, 0.0000000, 0.0000000, -0.1700, 137.0000, 0.0000, 0.0000
RAW: 29189,0.00,0.00,0.00,0.28,0.20,-9.88,-0.19
ATT: 29289, -1.420000, 1.460000, 184.890000, -175.000000
GPS: 29289, 11036, 0, 0, 0.0000000, 0.0000000, -0.1800, 137.0000, 0.0000, 0.0000
RAW: 29289,-0.00,0.00,0.00,0.28,0.19,-9.88,-0.21
ATT: 29389, -1.410000, 1.460000, 184.870000, -175.000000
GPS: 29389, 11036, 0, 0, 0.0000000, 0.0000000, -0.1800, 137.0000, 0.0000, 0.0000
RAW: 29389,0.00,0.00,0.00,0.29,0.19,-9.86,-0.20
ATT: 29490, -1.400000, 1.470000, 184.850010, -175.000000
GPS: 29490, 11236, 0, 0, 0.0000000, 0.0000000, -0.1900, 137.0000, 0.0000, 0.0000
RAW: 29490,-0.00,0.00,0.00,0.27,0.21,-9.87,-0.22
ATT: 29590, -1.390000, 1.480000, 184.830000, -175.000000
GPS: 29590, 11236, 0, 0, 0.0000000, 0.0000000, -0.2300, 137.0000, 0.0000, 0.0000
RAW: 29590,0.00,0.00,-0.00,0.29,0.20,-9.89,-0.31
ATT: 29689, -1.380000, 1.480000, 184.810000, -175.000000
GPS: 29689, 11435, 0, 0, 0.0000000, 0.0000000, -0.2300, 137.0000, 0.0000, 0.0000
RAW: 29689,-0.00,0.00,-0.00,0.26,0.19,-9.83,-0.24
ATT: 29790, -1.380000, 1.490000, 184.789990, -175.000000
GPS: 29790, 11435, 0, 0, 0.0000000, 0.0000000, -0.2100, 137.0000, 0.0000, 0.0000
RAW: 29790,0.00,0.00,0.00,0.28,0.20,-9.85,-0.16
ATT: 29890, -1.370000, 1.490000, 184.780000, -175.000000
GPS: 29890, 11635, 0, 0, 0.0000000, 0.0000000, -0.2200, 137.0000, 0.0000, 0.0000
RAW: 29890,-0.00,0.00,0.00,0.29,0.20,-9.84,-0.24
ATT: 29990, -1.350000, 1.500000, 184.759990, -175.000000
GPS: 29990, 11635, 0, 0, 0.0000000, 0.0000000, -0.1900, 137.0000, 0.0000, 0.0000
RAW: 29990,0.00,0.00,0.00,0.30,0.19,-9.86,-0.14
ATT: 30091, -1.290000, 1.510000, 184.750000, -175.000000
GPS: 30091, 11835, 0, 0, 0.0000000, 0.0000000, -0.2000, 137.0000, 0.0000, 0.0000
RAW: 30091,0.01,0.00,-0.00,0.28,0.20,-9.89,-0.24
ATT: 30190, -1.260000, 1.520000, 184.750000, -175.000000
GPS: 30190, 11835, 0, 0, 0.0000000, 0.0000000, -0.2400, 137.0000, 0.0000, 0.0000
RAW: 30190,0.00,0.00,0.00,0.28,0.18,-9.87,-0.31
ATT: 30290, -1.250000, 1.530000, 184.740010, -175.000000
GPS: 30290, 12036, 0, 0, 0.0000000, 0.0000000, -0.2100, 137.0000, 0.0000, 0.0000
RAW: 30290,0.00,0.00,0.00,0.29,0.19,-9.85,-0.17
ATT: 30391, -1.240000, 1.530000, 184.720000, -175.000000
GPS: 30391, 12036, 0, 0, 0.0000000, 0.0000000, -0.2000, 137.0000, 0.0000, 0.0000
RAW: 30391,0.00,-0.00,0.00,0.29,0.18,-9.87,-0.18
ATT: 30491, -1.410000, 1.530000, 184.720000, -175.000000
GPS: 30491, 12236, 0, 0, 0.0000000, 0.0000000, -0.1700, 137.0000, 0.0000, 0.0000
RAW: 30491,-0.03,0.00,0.00,0.27,0.21,-9.93,-0.11
ATT: 30592, -1.430000, 1.540000, 184.710010, -175.000000
GPS: 30592, 12236, 0, 0, 0.0000000, 0.0000000, -0.1700, 137.0000, 0.0000, 0.0000
RAW: 30592,-0.00,-0.00,-0.00,0.28,0.21,-9.88,-0.17
ATT: 30691, -1.450000, 1.540000, 184.700000, -175.000000
GPS: 30691, 12435, 0, 0, 0.0000000, 0.0000000, -0.1900, 137.0000, 0.0000, 0.0000
RAW: 30691,-0.00,0.00,0.00,0.29,0.21,-9.87,-0.23
ATT: 30791, -1.470000, 1.550000, 184.690000, -175.000000
GPS: 30791, 12435, 0, 0, 0.0000000, 0.0000000, -0.1900, 137.0000, 0.0000, 0.0000
RAW: 30791,-0.01,0.00,0.00,0.27,0.21,-9.87,-0.21
ATT: 30892, -1.480000, 1.550000, 184.690000, -175.000000
GPS: 30892, 12635, 0, 0, 0.0000000, 0.0000000, -0.2300, 137.0000, 0.0000, 0.0000
RAW: 30892,-0.00,-0.00,0.00,0.29,0.24,-9.87,-0.33
ATT: 30992, -1.470000, 1.560000, 184.679990, -175.000000
GPS: 30992, 12635, 0, 0, 0.0000000, 0.0000000, -0.2700, 137.0000, 0.0000, 0.0000
RAW: 30992,-0.00,0.00,0.00,0.28,0.23,-9.86,-0.35
ATT: 31091, -1.470000, 1.570000, 184.670000, -175.000000
GPS: 31091, 12835, 0, 0, 0.0000000, 0.0000000, -0.2600, 137.0000, 0.0000, 0.0000
RAW: 31091,0.00,0.00,0.00,0.29,0.25,-9.88,-0.24
ATT: 31192, -1.470000, 1.570000, 184.670000, -175.000000
GPS: 31192, 12835, 0, 0, 0.0000000, 0.0000000, -0.2200, 137.0000, 0.0000, 0.0000
RAW: 31192,0.00,0.00,0.00,0.29,0.22,-9.88,-0.14
ATT: 31292, -1.460000, 1.580000, 184.660000, -175.000000
GPS: 31292, 13036, 0, 0, 0.0000000, 0.0000000, -0.2200, 137.0000, 0.0000, 0.0000
RAW: 31292,0.00,0.00,0.00,0.29,0.22,-9.86,-0.24
ATT: 31392, -1.460000, 1.580000, 184.649990, -175.000000
GPS: 31392, 13036, 0, 0, 0.0000000, 0.0000000, -0.2400, 137.0000, 0.0000, 0.0000
RAW: 31392,0.00,0.00,0.00,0.28,0.21,-9.86,-0.27
ATT: 31493, -1.450000, 1.590000, 184.640000, -175.000000
GPS: 31493, 13236, 0, 0, 0.0000000, 0.0000000, -0.2200, 137.0000, 0.0000, 0.0000
RAW: 31493,0.00,0.00,-0.00,0.29,0.22,-9.87,-0.19
ATT: 31593, -1.440000, 1.590000, 184.630000, -175.000000
GPS: 31593, 13236, 0, 0, 0.0000000, 0.0000000, -0.2300, 137.0000, 0.0000, 0.0000
RAW: 31593,0.00,0.00,0.00,0.29,0.23,-9.88,-0.24
ATT: 31692, -1.430000, 1.600000, 184.630000, -175.000000
GPS: 31692, 13435, 0, 0, 0.0000000, 0.0000000, -0.2200, 137.0000, 0.0000, 0.0000
RAW: 31692,0.00,0.00,0.00,0.29,0.23,-9.87,-0.21
ATT: 31793, -1.430000, 1.600000, 184.620000, -175.000000
GPS: 31793, 13435, 0, 0, 0.0000000, 0.0000000, -0.2000, 137.0000, 0.0000, 0.0000
RAW: 31793,0.00,0.00,0.00,0.29,0.22,-9.84,-0.17
ATT: 31893, -1.420000, 1.600000, 184.610000, -175.000000
GPS: 31893, 13635, 0, 0, 0.0000000, 0.0000000, -0.1500, 137.0000, 0.0000, 0.0000
RAW: 31893,0.00,0.00,0.00,0.28,0.23,-9.84,-0.03
ATT: 31993, -1.420000, 1.610000, 184.610000, -175.000000
GPS: 31993, 13635, 0, 0, 0.0000000, 0.0000000, -0.1200, 137.0000, 0.0000, 0.0000
RAW: 31993,0.00,0.00,-0.00,0.29,0.22,-9.84,-0.05
ATT: 32093, -1.420000, 1.610000, 184.600010, -175.000000
GPS: 32093, 13835, 0, 0, 0.0000000, 0.0000000, -0.0300, 137.0000, 0.0000, 0.0000
RAW: 32093,-0.00,0.00,0.00,0.30,0.22,-9.88,0.16
ATT: 32193, -1.420000, 1.610000, 184.600010, -175.000000
GPS: 32193, 13835, 0, 0, 0.0000000, 0.0000000, 0.0100, 137.0000, 0.0000, 0.0000
RAW: 32193,0.00,0.00,0.00,0.26,0.23,-9.90,0.12
ATT: 32293, -1.410000, 1.620000, 184.590000, -175.000000
GPS: 32293, 14036, 0, 0, 0.0000000, 0.0000000, 0.0600, 137.0000, 0.0000, 0.0000
RAW: 32293,0.00,0.00,0.00,0.28,0.23,-9.88,0.17
ATT: 32394, -1.410000, 1.620000, 184.590000, -175.000000
GPS: 32394, 14036, 0, 0, 0.0000000, 0.0000000, 0.0900, 137.0000, 0.0000, 0.0000
RAW: 32394,0.00,-0.00,0.00,0.29,0.24,-9.89,0.17
ATT: 32494, -1.400000, 1.620000, 184.590000, -175.000000
GPS: 32494, 14236, 0, 0, 0.0000000, 0.0000000, 0.1000, 137.0000, 0.0000, 0.0000
RAW: 32494,-0.00,0.00,0.00,0.28,0.24,-9.85,0.14
ATT: 32593, -1.400000, 1.630000, 184.580000, -175.000000
GPS: 32593, 14236, 0, 0, 0.0000000, 0.0000000, 0.1400, 137.0000, 0.0000, 0.0000
RAW: 32593,0.00,0.00,0.00,0.28,0.22,-9.86,0.24
ATT: 32694, -1.400000, 1.630000, 184.570010, -175.000000
GPS: 32694, 14435, 0, 0, 0.0000000, 0.0000000, 0.1700, 137.0000, 0.0000, 0.0000
RAW: 32694,-0.00,0.00,0.00,0.31,0.22,-9.86,0.22
ATT: 32794, -1.400000, 1.630000, 184.570010, -175.000000
GPS: 32794, 14435, 0, 0, 0.0000000, 0.0000000, 0.1700, 137.0000, 0.0000, 0.0000
RAW: 32794,-0.00,0.00,0.00,0.29,0.24,-9.88,0.19
ATT: 32894, -1.400000, 1.630000, 184.570010, -175.000000
GPS: 32894, 14635, 0, 0, 0.0000000, 0.0000000, 0.1700, 137.0000, 0.0000, 0.0000
RAW: 32894,0.00,0.00,0.00,0.30,0.24,-9.86,0.17
ATT: 32995, -1.400000, 1.630000, 184.560000, -175.000000
GPS: 32995, 14635, 0, 0, 0.0000000, 0.0000000, 0.1900, 137.0000, 0.0000, 0.0000
RAW: 32995,0.00,0.00,0.00,0.27,0.22,-9.88,0.23
ATT: 33094, -1.400000, 1.630000, 184.560000, -175.000000
GPS: 33094, 14835, 0, 0, 0.0000000, 0.0000000, 0.2600, 137.0000, 0.0000, 0.0000
RAW: 33094,-0.00,0.00,0.00,0.30,0.23,-9.88,0.43
ATT: 33195, -1.390000, 1.630000, 184.560000, -175.000000
GPS: 33195, 14835, 0, 0, 0.0000000, 0.0000000, 0.2900, 137.0000, 0.0000, 0.0000
RAW: 33195,0.00,0.00,0.00,0.29,0.24,-9.87,0.35
ATT: 33295, -1.390000, 1.640000, 184.560000, -175.000000
GPS: 33295, 15036, 0, 0, 0.0000000, 0.0000000, 0.3000, 137.0000, 0.0000, 0.0000
RAW: 33295,0.00,-0.00,0.00,0.29,0.22,-9.87,0.33
ATT: 33395, -1.390000, 1.640000, 184.550000, -175.000000
GPS: 33395, 15036, 0, 0, 0.0000000, 0.0000000, 0.3200, 137.0000, 0.0000, 0.0000
RAW: 33395,0.00,0.00,0.00,0.31,0.24,-9.90,0.37
ATT: 33496, -1.390000, 1.640000, 184.539990, -175.000000
GPS: 33496, 15236, 0, 0, 0.0000000, 0.0000000, 0.3500, 137.0000, 0.0000, 0.0000
RAW: 33496,0.00,0.00,0.00,0.29,0.23,-9.85,0.43
ATT: 33595, -1.380000, 1.640000, 184.539990, -175.000000
GPS: 33595, 15236, 0, 0, 0.0000000, 0.0000000, 0.3900, 137.0000, 0.0000, 0.0000
RAW: 33595,-0.00,-0.00,-0.00,0.27,0.24,-9.88,0.47
ATT: 33695, -1.380000, 1.650000, 184.539990, -175.000000
GPS: 33695, 15435, 0, 0, 0.0000000, 0.0000000, 0.4200, 137.0000, 0.0000, 0.0000
RAW: 33695,-0.00,0.00,0.00,0.29,0.25,-9.85,0.49
ATT: 33796, -1.390000, 1.650000, 184.530000, -175.000000
GPS: 33796, 15435, 0, 0, 0.0000000, 0.0000000, 0.4200, 137.0000, 0.0000, 0.0000
RAW: 33796,-0.00,0.00,0.00,0.28,0.22,-9.88,0.44
ATT: 33896, -1.390000, 1.650000, 184.530000, -175.000000
GPS: 33896, 15635, 0, 0, 0.0000000, 0.0000000, 0.4400, 137.0000, 0.0000, 0.0000
RAW: 33896,0.00,-0.00,0.00,0.32,0.23,-9.88,0.47
ATT: 33996, -1.380000, 1.650000, 184.530000, -175.000000
GPS: 33996, 15635, 0, 0, 0.0000000, 0.0000000, 0.4200, 137.0000, 0.0000, 0.0000
RAW: 33996,0.00,-0.00,0.00,0.29,0.23,-9.90,0.40
ATT: 34096, -1.380000, 1.650000, 184.530000, -175.000000
GPS: 34096, 15835, 0, 0, 0.0000000, 0.0000000, 0.3800, 137.0000, 0.0000, 0.0000
RAW: 34096,-0.00,0.00,0.00,0.29,0.21,-9.87,0.30
ATT: 34196, -1.380000, 1.660000, 184.520000, -175.000000
GPS: 34196, 15835, 0, 0, 0.0000000, 0.0000000, 0.3700, 137.0000, 0.0000, 0.0000
RAW: 34196,0.00,0.00,0.00,0.31,0.24,-9.86,0.34
ATT: 34296, -1.370000, 1.660000, 184.520000, -175.000000
GPS: 34296, 16036, 0, 0, 0.0000000, 0.0000000, 0.3600, 137.0000, 0.0000, 0.0000
RAW: 34296,0.00,0.00,0.00,0.29,0.22,-9.90,0.36
ATT: 34397, -1.370000, 1.660000, 184.520000, -175.000000
GPS: 34397, 16036, 0, 0, 0.0000000, 0.0000000, 0.3900, 137.0000, 0.0000, 0.0000
RAW: 34397,-0.00,0.00,0.00,0.29,0.22,-9.86,0.45
ATT: 34497, -1.370000, 1.670000, 184.520000, -175.000000
GPS: 34497, 16235, 0, 0, 0.0000000, 0.0000000, 0.4000, 137.0000, 0.0000, 0.0000
RAW: 34497,-0.00,0.00,0.00,0.29,0.24,-9.87,0.44
ATT: 34596, -1.370000, 1.670000, 184.520000, -175.000000
GPS: 34596, 16235, 0, 0, 0.0000000, 0.0000000, 0.4100, 137.0000, 0.0000, 0.0000
RAW: 34596,-0.00,0.00,0.00,0.28,0.22,-9.90,0.42
ATT: 34697, -1.370000, 1.670000, 184.509990, -175.000000
GPS: 34697, 16435, 0, 0, 0.0000000, 0.0000000, 0.4100, 137.0000, 0.0000, 0.0000
RAW: 34697,0.00,0.00,0.00,0.31,0.23,-9.84,0.42
ATT: 34797, -1.370000, 1.680000, 184.509990, -175.000000
GPS: 34797, 16435, 0, 0, 0.0000000, 0.0000000, 0.4000, 137.0000, 0.0000, 0.0000
RAW: 34797,-0.00,0.00,0.00,0.29,0.23,-9.87,0.38
ATT: 34897, -1.360000, 1.680000, 184.509990, -175.000000
GPS: 34897, 16636, 0, 0, 0.0000000, 0.0000000, 0.3800, 137.0000, 0.0000, 0.0000
RAW: 34897,0.00,0.00,0.00,0.30,0.23,-9.85,0.33
ATT: 34997, -1.360000, 1.680000, 184.509990, -175.000000
GPS: 34997, 16636, 0, 0, 0.0000000, 0.0000000, 0.3900, 137.0000, 0.0000, 0.0000
RAW: 34997,0.00,0.00,0.00,0.28,0.23,-9.88,0.42
ATT: 35097, -1.360000, 1.680000, 184.500000, -175.000000
GPS: 35097, 16835, 0, 0, 0.0000000, 0.0000000, 0.3700, 137.0000, 0.0000, 0.0000
RAW: 35097,0.00,0.00,0.00,0.29,0.23,-9.86,0.33
ATT: 35197, -1.360000, 1.690000, 184.500000, -175.000000
GPS: 35197, 16835, 0, 0, 0.0000000, 0.0000000, 0.3600, 137.0000, 0.0000, 0.0000
RAW: 35197,-0.00,0.00,0.00,0.28,0.22,-9.88,0.34
ATT: 35298, -1.360000, 1.690000, 184.500000, -175.000000
GPS: 35298, 17036, 0, 0, 0.0000000, 0.0000000, 0.3800, 137.0000, 0.0000, 0.0000
RAW: 35298,-0.00,0.00,0.00,0.30,0.24,-9.91,0.45
ATT: 35398, -1.360000, 1.690000, 184.500000, -175.000000
GPS: 35398, 17036, 0, 0, 0.0000000, 0.0000000, 0.3700, 137.0000, 0.0000, 0.0000
RAW: 35398,0.00,0.00,0.00,0.28,0.22,-9.88,0.35
ATT: 35497, -1.360000, 1.700000, 184.500000, -175.000000
GPS: 35497, 17235, 0, 0, 0.0000000, 0.0000000, 0.3700, 137.0000, 0.0000, 0.0000
RAW: 35497,0.00,0.00,0.00,0.27,0.23,-9.87,0.38
ATT: 35598, -1.360000, 1.700000, 184.490010, -175.000000
GPS: 35598, 17235, 0, 0, 0.0000000, 0.0000000, 0.3600, 137.0000, 0.0000, 0.0000
RAW: 35598,-0.00,0.00,-0.00,0.27,0.23,-9.87,0.33
ATT: 35698, -1.360000, 1.700000, 184.490010, -175.000000
GPS: 35698, 17435, 0, 0, 0.0000000, 0.0000000, 0.3300, 137.0000, 0.0000, 0.0000
RAW: 35698,0.00,0.00,-0.00,0.30,0.23,-9.87,0.28
ATT: 35799, -1.350000, 1.700000, 184.490010, -175.000000
GPS: 35799, 17435, 0, 0, 0.0000000, 0.0000000, 0.3500, 137.0000, 0.0000, 0.0000
RAW: 35799,0.00,-0.00,0.00,0.32,0.21,-9.87,0.38
ATT: 35899, -1.350000, 1.700000, 184.490010, -175.000000
GPS: 35899, 17636, 0, 0, 0.0000000, 0.0000000, 0.3500, 137.0000, 0.0000, 0.0000
RAW: 35899,0.00,-0.00,0.00,0.30,0.24,-9.84,0.35
ATT: 35998, -1.350000, 1.700000, 184.490010, -175.000000
GPS: 35998, 17636, 0, 0, 0.0000000, 0.0000000, 0.3300, 137.0000, 0.0000, 0.0000
RAW: 35998,0.00,0.00,0.00,0.29,0.25,-9.86,0.30
ATT: 36099, -1.350000, 1.700000, 184.490010, -175.000000
GPS: 36099, 17835, 0, 0, 0.0000000, 0.0000000, 0.2900, 137.0000, 0.0000, 0.0000
RAW: 36099,0.00,0.00,0.00,0.31,0.23,-9.84,0.22
ATT: 36199, -1.340000, 1.700000, 184.480000, -175.000000
GPS: 36199, 17835, 0, 0, 0.0000000, 0.0000000, 0.2900, 137.0000, 0.0000, 0.0000
RAW: 36199,-0.00,0.00,-0.00,0.29,0.23,-9.82,0.27
ATT: 36299, -1.340000, 1.700000, 184.480000, -175.000000
GPS: 36299, 18036, 0, 0, 0.0000000, 0.0000000, 0.2700, 137.0000, 0.0000, 0.0000
RAW: 36299,0.00,0.00,0.00,0.30,0.22,-9.90,0.24
ATT: 36400, -1.340000, 1.710000, 184.480000, -175.000000
GPS: 36400, 18036, 0, 0, 0.0000000, 0.0000000, 0.2700, 137.0000, 0.0000, 0.0000
RAW: 36400,-0.00,0.00,0.00,0.29,0.24,-9.87,0.26
ATT: 36499, -1.340000, 1.710000, 184.480000, -175.000000
GPS: 36499, 18235, 0, 0, 0.0000000, 0.0000000, 0.2500, 137.0000, 0.0000, 0.0000
RAW: 36499,0.00,0.00,0.00,0.30,0.23,-9.89,0.23
ATT: 36599, -1.340000, 1.710000, 184.480000, -175.000000
GPS: 36599, 18235, 0, 0, 0.0000000, 0.0000000, 0.2400, 137.0000, 0.0000, 0.0000
RAW: 36599,0.00,0.00,0.00,0.30,0.24,-9.87,0.23
ATT: 36700, -1.340000, 1.710000, 184.480000, -175.000000
GPS: 36700, 18435, 0, 0, 0.0000000, 0.0000000, 0.2100, 137.0000, 0.0000, 0.0000
RAW: 36700,0.00,0.00,0.00,0.28,0.23,-9.88,0.13
ATT: 36800, -1.340000, 1.720000, 184.480000, -175.000000
GPS: 36800, 18435, 0, 0, 0.0000000, 0.0000000, 0.2000, 137.0000, 0.0000, 0.0000
RAW: 36800,0.00,0.00,0.00,0.30,0.24,-9.86,0.20
ATT: 36900, -1.330000, 1.720000, 184.480000, -175.000000
GPS: 36900, 18636, 0, 0, 0.0000000, 0.0000000, 0.2300, 137.0000, 0.0000, 0.0000
RAW: 36900,0.00,0.00,0.00,0.29,0.25,-9.87,0.31
ATT: 37013, -1.330000, 1.720000, 184.480000, -175.000000
GPS: 37013, 18636, 0, 0, 0.0000000, 0.0000000, 0.2700, 137.0000, 0.0000, 0.0000
RAW: 37013,0.00,0.00,0.00,0.31,0.25,-9.88,0.34
ATT: 37100, -1.330000, 1.720000, 184.480000, -175.000000
GPS: 37100, 18835, 0, 0, 0.0000000, 0.0000000, 0.3200, 137.0000, 0.0000, 0.0000
RAW: 37100,0.00,0.00,0.00,0.32,0.22,-9.88,0.44
ATT: 37200, -1.330000, 1.720000, 184.480000, -175.000000
GPS: 37200, 18835, 0, 0, 0.0000000, 0.0000000, 0.3000, 137.0000, 0.0000, 0.0000
RAW: 37200,0.00,0.00,0.00,0.29,0.23,-9.88,0.25
ATT: 37301, -1.330000, 1.720000, 184.480000, -175.000000
GPS: 37301, 19036, 0, 0, 0.0000000, 0.0000000, 0.2700, 137.0000, 0.0000, 0.0000
RAW: 37301,0.00,0.00,0.00,0.31,0.24,-9.86,0.22
ATT: 37400, -1.330000, 1.730000, 184.480000, -175.000000
GPS: 37400, 19036, 0, 0, 0.0000000, 0.0000000, 0.3100, 137.0000, 0.0000, 0.0000
RAW: 37400,0.00,0.00,0.00,0.32,0.21,-9.89,0.40
ATT: 37514, -1.330000, 1.730000, 184.480000, -175.000000
GPS: 37514, 19235, 0, 0, 0.0000000, 0.0000000, 0.3300, 137.0000, 0.0000, 0.0000
RAW: 37514,-0.00,0.00,0.00,0.30,0.23,-9.87,0.38
ATT: 37601, -1.330000, 1.740000, 184.480000, -175.000000
GPS: 37601, 19235, 0, 0, 0.0000000, 0.0000000, 0.3200, 137.0000, 0.0000, 0.0000
RAW: 37601,0.00,0.00,0.00,0.31,0.24,-9.85,0.29
ATT: 37701, -1.330000, 1.740000, 184.480000, -175.000000
GPS: 37701, 19435, 0, 0, 0.0000000, 0.0000000, 0.3300, 137.0000, 0.0000, 0.0000
RAW: 37701,0.00,0.00,0.00,0.31,0.23,-9.87,0.36
ATT: 37801, -1.330000, 1.740000, 184.470000, -175.000000
GPS: 37801, 19435, 0, 0, 0.0000000, 0.0000000, 0.3200, 137.0000, 0.0000, 0.0000
RAW: 37801,-0.00,0.00,0.00,0.30,0.21,-9.87,0.30
ATT: 37901, -1.330000, 1.740000, 184.470000, -175.000000
GPS: 37901, 19636, 0, 0, 0.0000000, 0.0000000, 0.3100, 137.0000, 0.0000, 0.0000
RAW: 37901,0.00,0.00,0.00,0.30,0.25,-9.89,0.30
ATT: 38014, -1.330000, 1.740000, 184.470000, -175.000000
GPS: 38014, 19636, 0, 0, 0.0000000, 0.0000000, 0.2900, 137.0000, 0.0000, 0.0000
RAW: 38014,-0.00,0.00,0.00,0.30,0.22,-9.87,0.24
ATT: 38102, -1.330000, 1.750000, 184.470000, -175.000000
GPS: 38102, 19835, 0, 0, 0.0000000, 0.0000000, 0.2800, 137.0000, 0.0000, 0.0000
RAW: 38102,0.00,0.00,0.00,0.29,0.24,-9.89,0.27
ATT: 38202, -1.330000, 1.750000, 184.470000, -175.000000
GPS: 38202, 19835, 0, 0, 0.0000000, 0.0000000, 0.1900, 137.0000, 0.0000, 0.0000
RAW: 38202,-0.00,0.00,0.00,0.29,0.22,-9.87,-0.02
ATT: 38302, -1.330000, 1.750000, 184.470000, -175.000000
GPS: 38302, 20036, 0, 0, 0.0000000, 0.0000000, 0.1800, 137.0000, 0.0000, 0.0000
RAW: 38302,0.00,0.00,0.00,0.29,0.23,-9.86,0.17
ATT: 38402, -1.330000, 1.750000, 184.470000, -175.000000
GPS: 38402, 20036, 0, 0, 0.0000000, 0.0000000, 0.1300, 137.0000, 0.0000, 0.0000
RAW: 38402,0.00,0.00,0.00,0.31,0.21,-9.89,0.01
ATT: 38511, -1.330000, 1.750000, 184.470000, -175.000000
GPS: 38511, 20235, 0, 0, 0.0000000, 0.0000000, 0.1400, 137.0000, 0.0000, 0.0000
RAW: 38511,0.00,0.00,0.00,0.28,0.23,-9.88,0.19
ATT: 38602, -1.330000, 1.750000, 184.470000, -175.000000
GPS: 38602, 20235, 0, 0, 0.0000000, 0.0000000, 0.1600, 137.0000, 0.0000, 0.0000
RAW: 38602,0.00,0.00,0.00,0.31,0.22,-9.87,0.19
ATT: 38703, -1.330000, 1.750000, 184.470000, -175.000000
GPS: 38703, 20435, 0, 0, 0.0000000, 0.0000000, 0.1800, 137.0000, 0.0000, 0.0000
RAW: 38703,0.00,0.00,0.00,0.29,0.24,-9.90,0.23
ATT: 38803, -1.320000, 1.750000, 184.470000, -175.000000
GPS: 38803, 20435, 0, 0, 0.0000000, 0.0000000, 0.1600, 137.0000, 0.0000, 0.0000
RAW: 38803,0.00,0.00,0.00,0.30,0.23,-9.87,0.12
ATT: 38902, -1.320000, 1.760000, 184.470000, -175.000000
GPS: 38902, 20636, 0, 0, 0.0000000, 0.0000000, 0.1100, 137.0000, 0.0000, 0.0000
RAW: 38902,0.00,0.00,0.00,0.30,0.24,-9.86,-0.01
ATT: 39011, -1.320000, 1.760000, 184.470000, -175.000000
GPS: 39011, 20636, 0, 0, 0.0000000, 0.0000000, 0.0700, 137.0000, 0.0000, 0.0000
RAW: 39011,0.00,0.00,-0.00,0.30,0.23,-9.86,0.01
ATT: 39103, -1.320000, 1.760000, 184.470000, -175.000000
GPS: 39103, 20835, 0, 0, 0.0000000, 0.0000000, 0.0300, 137.0000, 0.0000, 0.0000
RAW: 39103,-0.00,0.00,0.00,0.30,0.23,-9.86,-0.07
ATT: 39203, -1.320000, 1.760000, 184.470000, -175.000000
GPS: 39203, 20835, 0, 0, 0.0000000, 0.0000000, 0.0500, 137.0000, 0.0000, 0.0000
RAW: 39203,0.00,0.00,0.00,0.29,0.24,-9.86,0.10
ATT: 39304, -1.320000, 1.760000, 184.470000, -175.000000
GPS: 39304, 21036, 0, 0, 0.0000000, 0.0000000, 0.0500, 137.0000, 0.0000, 0.0000
RAW: 39304,0.00,0.00,-0.00,0.29,0.22,-9.90,0.05
ATT: 39403, -1.320000, 1.760000, 184.460010, -175.000000
GPS: 39403, 21036, 0, 0, 0.0000000, 0.0000000, 0.0300, 137.0000, 0.0000, 0.0000
RAW: 39403,0.00,0.00,-0.00,0.30,0.22,-9.86,0.00
ATT: 39512, -1.320000, 1.760000, 184.460010, -175.000000
GPS: 39512, 21235, 0, 0, 0.0000000, 0.0000000, 0.0000, 137.0000, 0.0000, 0.0000
RAW: 39512,0.00,0.00,0.00,0.31,0.23,-9.86,-0.09
ATT: 39604, -1.320000, 1.760000, 184.460010, -175.000000
GPS: 39604, 21235, 0, 0, 0.0000000, 0.0000000, -0.0200, 137.0000, 0.0000, 0.0000
RAW: 39604,0.00,0.00,0.00,0.29,0.23,-9.88,-0.09
ATT: 39704, -1.320000, 1.770000, 184.460010, -175.000000
GPS: 39704, 21435, 0, 0, 0.0000000, 0.0000000, -0.0200, 137.0000, 0.0000, 0.0000
RAW: 39704,0.00,0.00,-0.00,0.31,0.22,-9.87,-0.03
ATT: 39804, -1.320000, 1.770000, 184.450000, -175.000000
GPS: 39804, 21435, 0, 0, 0.0000000, 0.0000000, -0.0300, 137.0000, 0.0000, 0.0000
RAW: 39804,0.00,0.00,0.00,0.31,0.23,-9.89,-0.04
ATT: 39904, -1.320000, 1.770000, 184.450000, -175.000000
GPS: 39904, 21636, 0, 0, 0.0000000, 0.0000000, -0.0200, 137.0000, 0.0000, 0.0000
RAW: 39904,0.00,0.00,-0.00,0.31,0.24,-9.87,0.00
ATT: 40011, -1.320000, 1.770000, 184.450000, -175.000000
GPS: 40011, 21636, 0, 0, 0.0000000, 0.0000000, -0.0600, 137.0000, 0.0000, 0.0000
RAW: 40011,0.00,-0.00,0.00,0.30,0.23,-9.88,-0.16
ATT: 40104, -1.320000, 1.770000, 184.460010, -175.000000
GPS: 40104, 21835, 0, 0, 0.0000000, 0.0000000, -0.0600, 137.0000, 0.0000, 0.0000
RAW: 40104,0.00,0.00,0.00,0.30,0.23,-9.86,-0.08
ATT: 40204, -1.320000, 1.780000, 184.460010, -175.000000
GPS: 40204, 21835, 0, 0, 0.0000000, 0.0000000, -0.0600, 137.0000, 0.0000, 0.0000
RAW: 40204,0.00,0.00,0.00,0.29,0.23,-9.84,-0.06
ATT: 40304, -1.320000, 1.780000, 184.460010, -175.000000
GPS: 40304, 22036, 0, 0, 0.0000000, 0.0000000, -0.0800, 137.0000, 0.0000, 0.0000
RAW: 40304,0.00,-0.00,0.00,0.30,0.22,-9.85,-0.13
ATT: 40404, -1.320000, 1.780000, 184.460010, -175.000000
GPS: 40404, 22036, 0, 0, 0.0000000, 0.0000000, -0.1200, 137.0000, 0.0000, 0.0000
RAW: 40404,0.00,0.00,-0.00,0.32,0.24,-9.87,-0.20
ATT: 40511, -1.320000, 1.780000, 184.460010, -175.000000
GPS: 40511, 22235, 0, 0, 0.0000000, 0.0000000, -0.1400, 137.0000, 0.0000, 0.0000
RAW: 40511,0.00,0.00,0.00,0.31,0.23,-9.87,-0.19
ATT: 40605, -1.320000, 1.780000, 184.460010, -175.000000
GPS: 40605, 22235, 0, 0, 0.0000000, 0.0000000, -0.1500, 137.0000, 0.0000, 0.0000
RAW: 40605,-0.00,0.00,0.00,0.32,0.23,-9.85,-0.19
ATT: 40706, -1.320000, 1.790000, 184.460010, -175.000000
GPS: 40706, 22435, 0, 0, 0.0000000, 0.0000000, -0.1300, 137.0000, 0.0000, 0.0000
RAW: 40706,0.00,0.00,-0.00,0.30,0.24,-9.88,-0.09
ATT: 40805, -1.320000, 1.790000, 184.460010, -175.000000
GPS: 40805, 22435, 0, 0, 0.0000000, 0.0000000, -0.1400, 137.0000, 0.0000, 0.0000
RAW: 40805,-0.00,0.00,0.00,0.31,0.22,-9.87,-0.17
ATT: 40905, -1.320000, 1.790000, 184.460010, -175.000000
GPS: 40905, 22636, 0, 0, 0.0000000, 0.0000000, -0.1400, 137.0000, 0.0000, 0.0000
RAW: 40905,0.00,0.00,0.00,0.30,0.24,-9.87,-0.13
ATT: 41012, -1.320000, 1.790000, 184.460010, -175.000000
GPS: 41012, 22636, 0, 0, 0.0000000, 0.0000000, -0.1700, 137.0000, 0.0000, 0.0000
RAW: 41012,0.00,0.00,0.00,0.29,0.22,-9.87,-0.24
ATT: 41106, -1.320000, 1.790000, 184.450000, -175.000000
GPS: 41106, 22835, 0, 0, 0.0000000, 0.0000000, -0.1800, 137.0000, 0.0000, 0.0000
RAW: 41106,0.00,-0.00,0.00,0.31,0.24,-9.87,-0.20
ATT: 41206, -1.320000, 1.790000, 184.460010, -175.000000
GPS: 41206, 22835, 0, 0, 0.0000000, 0.0000000, -0.1800, 137.0000, 0.0000, 0.0000
RAW: 41206,0.00,0.00,0.00,0.32,0.24,-9.86,-0.19
ATT: 41306, -1.320000, 1.790000, 184.450000, -175.000000
GPS: 41306, 23036, 0, 0, 0.0000000, 0.0000000, -0.1600, 137.0000, 0.0000, 0.0000
RAW: 41306,0.00,0.00,-0.00,0.31,0.23,-9.87,-0.12
ATT: 41406, -1.320000, 1.800000, 184.450000, -175.000000
GPS: 41406, 23036, 0, 0, 0.0000000, 0.0000000, -0.1800, 137.0000, 0.0000, 0.0000
RAW: 41406,0.00,0.00,0.00,0.31,0.23,-9.88,-0.23
ATT: 41511, -1.320000, 1.800000, 184.450000, -175.000000
GPS: 41511, 23235, 0, 0, 0.0000000, 0.0000000, -0.1800, 137.0000, 0.0000, 0.0000
RAW: 41511,0.00,0.00,0.00,0.31,0.23,-9.90,-0.19
ATT: 41607, -1.320000, 1.800000, 184.460010, -175.000000
GPS: 41607, 23235, 0, 0, 0.0000000, 0.0000000, -0.1700, 137.0000, 0.0000, 0.0000
RAW: 41607,0.00,-0.00,0.00,0.30,0.22,-9.88,-0.15
ATT: 41707, -1.320000, 1.790000, 184.460010, -175.000000
GPS: 41707, 23435, 0, 0, 0.0000000, 0.0000000, -0.1500, 137.0000, 0.0000, 0.0000
RAW: 41707,0.00,0.00,0.00,0.31,0.23,-9.88,-0.10
ATT: 41806, -1.320000, 1.790000, 184.460010, -175.000000
GPS: 41806, 23435, 0, 0, 0.0000000, 0.0000000, -0.1400, 137.0000, 0.0000, 0.0000
RAW: 41806,0.00,0.00,0.00,0.29,0.23,-9.87,-0.13
ATT: 41907, -1.320000, 1.790000, 184.460010, -175.000000
GPS: 41907, 23636, 0, 0, 0.0000000, 0.0000000, -0.1600, 137.0000, 0.0000, 0.0000
RAW: 41907,0.00,0.00,-0.00,0.29,0.22,-9.89,-0.21
ATT: 42011, -1.310000, 1.790000, 184.460010, -175.000000
GPS: 42011, 23636, 0, 0, 0.0000000, 0.0000000, -0.1600, 137.0000, 0.0000, 0.0000
RAW: 42011,0.00,0.00,-0.00,0.30,0.24,-9.89,-0.16
ATT: 42107, -1.320000, 1.800000, 184.460010, -175.000000
GPS: 42107, 23835, 0, 0, 0.0000000, 0.0000000, -0.1600, 137.0000, 0.0000, 0.0000
RAW: 42107,0.00,0.00,0.00,0.30,0.23,-9.89,-0.18
ATT: 42208, -1.310000, 1.790000, 184.460010, -175.000000
GPS: 42208, 23835, 0, 0, 0.0000000, 0.0000000, -0.1400, 137.0000, 0.0000, 0.0000
RAW: 42208,0.00,0.00,0.00,0.30,0.23,-9.86,-0.09
ATT: 42307, -1.320000, 1.800000, 184.460010, -175.000000
GPS: 42307, 24036, 0, 0, 0.0000000, 0.0000000, -0.1200, 137.0000, 0.0000, 0.0000
RAW: 42307,-0.00,0.00,0.00,0.30,0.23,-9.88,-0.07
ATT: 42407, -1.310000, 1.790000, 184.460010, -175.000000
GPS: 42407, 24036, 0, 0, 0.0000000, 0.0000000, -0.1200, 137.0000, 0.0000, 0.0000
RAW: 42407,0.00,0.00,0.00,0.32,0.23,-9.84,-0.14
ATT: 42511, -1.310000, 1.800000, 184.460010, -175.000000
GPS: 42511, 24235, 0, 0, 0.0000000, 0.0000000, -0.1100, 137.0000, 0.0000, 0.0000
RAW: 42511,0.00,0.00,0.00,0.31,0.23,-9.83,-0.08
ATT: 42607, -1.310000, 1.800000, 184.460010, -175.000000
GPS: 42607, 24235, 0, 0, 0.0000000, 0.0000000, -0.1200, 137.0000, 0.0000, 0.0000
RAW: 42607,0.00,0.00,-0.00,0.32,0.24,-9.86,-0.16
ATT: 42708, -1.310000, 1.800000, 184.450000, -175.000000
GPS: 42708, 24435, 0, 0, 0.0000000, 0.0000000, -0.1200, 137.0000, 0.0000, 0.0000
RAW: 42708,0.00,0.00,0.00,0.31,0.22,-9.86,-0.13
ATT: 42808, -1.310000, 1.800000, 184.450000, -175.000000
GPS: 42808, 24435, 0, 0, 0.0000000, 0.0000000, -0.1300, 137.0000, 0.0000, 0.0000
RAW: 42808,0.00,0.00,0.00,0.32,0.24,-9.84,-0.14
ATT: 42908, -1.310000, 1.800000, 184.450000, -175.000000
GPS: 42908, 24636, 0, 0, 0.0000000, 0.0000000, -0.1400, 137.0000, 0.0000, 0.0000
RAW: 42908,0.00,-0.00,-0.00,0.33,0.23,-9.90,-0.18
ATT: 43013, -1.310000, 1.800000, 184.450000, -175.000000
GPS: 43013, 24636, 0, 0, 0.0000000, 0.0000000, -0.1200, 137.0000, 0.0000, 0.0000
RAW: 43013,0.00,0.00,0.00,0.31,0.24,-9.89,-0.07
ATT: 43109, -1.310000, 1.800000, 184.450000, -175.000000
GPS: 43109, 24835, 0, 0, 0.0000000, 0.0000000, -0.0800, 137.0000, 0.0000, 0.0000
RAW: 43109,0.00,0.00,0.00,0.32,0.23,-9.86,0.00
ATT: 43208, -1.310000, 1.810000, 184.450000, -175.000000
GPS: 43208, 24835, 0, 0, 0.0000000, 0.0000000, -0.1100, 137.0000, 0.0000, 0.0000
RAW: 43208,-0.00,0.00,0.00,0.31,0.24,-9.87,-0.17
ATT: 43309, -1.310000, 1.810000, 184.450000, -175.000000
GPS: 43309, 25036, 0, 0, 0.0000000, 0.0000000, -0.1200, 137.0000, 0.0000, 0.0000
RAW: 43309,0.00,0.00,0.00,0.31,0.22,-9.86,-0.16
ATT: 43409, -1.310000, 1.810000, 184.450000, -175.000000
GPS: 43409, 25036, 0, 0, 0.0000000, 0.0000000, -0.0800, 137.0000, 0.0000, 0.0000
RAW: 43409,0.00,-0.00,-0.00,0.31,0.23,-9.89,0.00
ATT: 43513, -1.310000, 1.810000, 184.450000, -175.000000
GPS: 43513, 25235, 0, 0, 0.0000000, 0.0000000, -0.0400, 137.0000, 0.0000, 0.0000
RAW: 43513,0.00,0.00,0.00,0.32,0.24,-9.86,0.04
ATT: 43610, -1.310000, 1.810000, 184.450000, -175.000000
GPS: 43610, 25235, 0, 0, 0.0000000, 0.0000000, -0.0400, 137.0000, 0.0000, 0.0000
RAW: 43610,0.00,-0.00,0.00,0.30,0.23,-9.88,-0.05
ATT: 43709, -1.310000, 1.810000, 184.450000, -175.000000
GPS: 43709, 25435, 0, 0, 0.0000000, 0.0000000, -0.0500, 137.0000, 0.0000, 0.0000
RAW: 43709,0.00,0.00,-0.00,0.31,0.23,-9.86,-0.08
ATT: 43809, -1.310000, 1.810000, 184.450000, -175.000000
GPS: 43809, 25435, 0, 0, 0.0000000, 0.0000000, -0.0800, 137.0000, 0.0000, 0.0000
RAW: 43809,0.00,0.00,0.00,0.31,0.25,-9.87,-0.13
ATT: 43910, -1.310000, 1.810000, 184.450000, -175.000000
GPS: 43910, 25636, 0, 0, 0.0000000, 0.0000000, -0.0600, 137.0000, 0.0000, 0.0000
RAW: 43910,0.00,-0.00,0.00,0.30,0.23,-9.87,-0.02
ATT: 44011, -1.310000, 1.810000, 184.450000, -175.000000
GPS: 44011, 25636, 0, 0, 0.0000000, 0.0000000, -0.0700, 137.0000, 0.0000, 0.0000
RAW: 44011,-0.00,0.00,-0.00,0.30,0.25,-9.87,-0.10
ATT: 44110, -1.310000, 1.810000, 184.450000, -175.000000
GPS: 44110, 25835, 0, 0, 0.0000000, 0.0000000, -0.0700, 137.0000, 0.0000, 0.0000
RAW: 44110,0.00,0.00,0.00,0.29,0.22,-9.90,-0.09
ATT: 44210, -1.300000, 1.810000, 184.450000, -175.000000
GPS: 44210, 25835, 0, 0, 0.0000000, 0.0000000, -0.0700, 137.0000, 0.0000, 0.0000
RAW: 44210,0.00,0.00,0.00,0.32,0.23,-9.89,-0.06
ATT: 44310, -1.300000, 1.810000, 184.450000, -175.000000
GPS: 44310, 26036, 0, 0, 0.0000000, 0.0000000, -0.0800, 137.0000, 0.0000, 0.0000
RAW: 44310,0.00,0.00,0.00,0.30,0.21,-9.85,-0.10
ATT: 44410, -1.300000, 1.820000, 184.450000, -175.000000
GPS: 44410, 26036, 0, 0, 0.0000000, 0.0000000, -0.0700, 137.0000, 0.0000, 0.0000
RAW: 44410,0.00,0.00,0.00,0.31,0.24,-9.87,-0.07
ATT: 44513, -1.300000, 1.820000, 184.450000, -175.000000
GPS: 44513, 26235, 0, 0, 0.0000000, 0.0000000, -0.0700, 137.0000, 0.0000, 0.0000
RAW: 44513,0.00,0.00,0.00,0.30,0.24,-9.85,-0.07
ATT: 44611, -1.310000, 1.820000, 184.450000, -175.000000
GPS: 44611, 26235, 0, 0, 0.0000000, 0.0000000, -0.0600, 137.0000, 0.0000, 0.0000
RAW: 44611,0.00,0.00,0.00,0.32,0.21,-9.88,-0.05
ATT: 44710, -1.300000, 1.820000, 184.460010, -175.000000
GPS: 44710, 26435, 0, 0, 0.0000000, 0.0000000, -0.0800, 137.0000, 0.0000, 0.0000
RAW: 44710,0.00,0.00,-0.00,0.31,0.22,-9.88,-0.14
ATT: 44811, -1.300000, 1.820000, 184.450000, -175.000000
GPS: 44811, 26435, 0, 0, 0.0000000, 0.0000000, -0.0700, 137.0000, 0.0000, 0.0000
RAW: 44811,-0.00,0.00,0.00,0.30,0.24,-9.86,-0.05
ATT: 44911, -1.310000, 1.820000, 184.460010, -175.000000
GPS: 44911, 26636, 0, 0, 0.0000000, 0.0000000, -0.0600, 137.0000, 0.0000, 0.0000
RAW: 44911,0.00,0.00,0.00,0.30,0.24,-9.84,-0.03
ATT: 45011, -1.310000, 1.810000, 184.460010, -175.000000
GPS: 45011, 26636, 0, 0, 0.0000000, 0.0000000, -0.0600, 137.0000, 0.0000, 0.0000
RAW: 45011,0.00,0.00,-0.00,0.30,0.24,-9.87,-0.07
ATT: 45111, -1.310000, 1.820000, 184.460010, -175.000000
GPS: 45111, 26835, 0, 0, 0.0000000, 0.0000000, -0.0600, 137.0000, 0.0000, 0.0000
RAW: 45111,0.00,0.00,0.00,0.31,0.23,-9.87,-0.08
ATT: 45211, -1.310000, 1.820000, 184.460010, -175.000000
GPS: 45211, 26835, 0, 0, 0.0000000, 0.0000000, -0.0500, 137.0000, 0.0000, 0.0000
RAW: 45211,0.00,0.00,0.00,0.31,0.22,-9.85,-0.02
ATT: 45312, -1.310000, 1.820000, 184.460010, -175.000000
GPS: 45312, 27036, 0, 0, 0.0000000, 0.0000000, -0.0400, 137.0000, 0.0000, 0.0000
RAW: 45312,0.00,0.00,0.00,0.31,0.23,-9.84,-0.01
ATT: 45412, -1.310000, 1.810000, 184.460010, -175.000000
GPS: 45412, 27036, 0, 0, 0.0000000, 0.0000000, -0.0400, 137.0000, 0.0000, 0.0000
RAW: 45412,-0.00,0.00,-0.00,0.30,0.24,-9.86,-0.07
ATT: 45516, -1.310000, 1.810000, 184.460010, -175.000000
GPS: 45516, 27235, 0, 0, 0.0000000, 0.0000000, -0.0500, 137.0000, 0.0000, 0.0000
RAW: 45516,-0.00,0.00,0.00,0.31,0.24,-9.88,-0.07
ATT: 45612, -1.310000, 1.820000, 184.460010, -175.000000
GPS: 45612, 27235, 0, 0, 0.0000000, 0.0000000, -0.1000, 137.0000, 0.0000, 0.0000
RAW: 45612,0.00,0.00,0.00,0.31,0.23,-9.87,-0.22
ATT: 45712, -1.310000, 1.820000, 184.460010, -175.000000
GPS: 45712, 27435, 0, 0, 0.0000000, 0.0000000, -0.0900, 137.0000, 0.0000, 0.0000
RAW: 45712,0.00,0.00,0.00,0.31,0.21,-9.86,-0.08
ATT: 45812, -1.310000, 1.820000, 184.460010, -175.000000
GPS: 45812, 27435, 0, 0, 0.0000000, 0.0000000, -0.1500, 137.0000, 0.0000, 0.0000
RAW: 45812,0.00,0.00,0.00,0.30,0.24,-9.87,-0.28
ATT: 45913, -1.310000, 1.820000, 184.460010, -175.000000
GPS: 45913, 27636, 0, 0, 0.0000000, 0.0000000, -0.1600, 137.0000, 0.0000, 0.0000
RAW: 45913,-0.00,0.00,0.00,0.33,0.22,-9.88,-0.18
ATT: 46014, -1.310000, 1.820000, 184.460010, -175.000000
GPS: 46014, 27636, 0, 0, 0.0000000, 0.0000000, -0.1700, 137.0000, 0.0000, 0.0000
RAW: 46014,-0.00,0.00,0.00,0.32,0.26,-9.86,-0.22
ATT: 46112, -1.310000, 1.820000, 184.460010, -175.000000
GPS: 46112, 27835, 0, 0, 0.0000000, 0.0000000, -0.1700, 137.0000, 0.0000, 0.0000
RAW: 46112,-0.00,0.00,0.00,0.31,0.23,-9.89,-0.16
ATT: 46213, -1.310000, 1.830000, 184.460010, -175.000000
GPS: 46213, 27835, 0, 0, 0.0000000, 0.0000000, -0.1800, 137.0000, 0.0000, 0.0000
RAW: 46213,0.00,0.00,0.00,0.31,0.23,-9.86,-0.21
ATT: 46313, -1.320000, 1.820000, 184.460010, -175.000000
GPS: 46313, 28036, 0, 0, 0.0000000, 0.0000000, -0.1900, 137.0000, 0.0000, 0.0000
RAW: 46313,0.00,-0.00,0.00,0.31,0.22,-9.85,-0.23
ATT: 46413, -1.310000, 1.830000, 184.460010, -175.000000
GPS: 46413, 28036, 0, 0, 0.0000000, 0.0000000, -0.1400, 137.0000, 0.0000, 0.0000
RAW: 46413,0.00,0.00,0.00,0.33,0.23,-9.86,-0.02
ATT: 46515, -1.310000, 1.820000, 184.460010, -175.000000
GPS: 46515, 28235, 0, 0, 0.0000000, 0.0000000, -0.1300, 137.0000, 0.0000, 0.0000
RAW: 46515,0.00,0.00,0.00,0.30,0.23,-9.88,-0.12
ATT: 46613, -1.320000, 1.830000, 184.470000, -175.000000
GPS: 46613, 28235, 0, 0, 0.0000000, 0.0000000, -0.1300, 137.0000, 0.0000, 0.0000
RAW: 46613,-0.00,0.00,0.00,0.30,0.24,-9.89,-0.12
ATT: 46713, -1.310000, 1.830000, 184.470000, -175.000000
GPS: 46713, 28435, 0, 0, 0.0000000, 0.0000000, -0.1000, 137.0000, 0.0000, 0.0000
RAW: 46713,0.00,0.00,0.00,0.31,0.23,-9.86,-0.04
ATT: 46814, -1.310000, 1.830000, 184.470000, -175.000000
GPS: 46814, 28435, 0, 0, 0.0000000, 0.0000000, -0.1100, 137.0000, 0.0000, 0.0000
RAW: 46814,0.00,0.00,0.00,0.31,0.24,-9.86,-0.14
ATT: 46914, -1.310000, 1.830000, 184.470000, -175.000000
GPS: 46914, 28636, 0, 0, 0.0000000, 0.0000000, -0.1300, 137.0000, 0.0000, 0.0000
RAW: 46914,0.00,0.00,0.00,0.30,0.21,-9.89,-0.17
ATT: 47014, -1.310000, 1.820000, 184.470000, -175.000000
GPS: 47014, 28636, 0, 0, 0.0000000, 0.0000000, -0.1400, 137.0000, 0.0000, 0.0000
RAW: 47014,0.00,-0.00,0.00,0.30,0.23,-9.89,-0.17
ATT: 47114, -1.310000, 1.820000, 184.460010, -175.000000
GPS: 47114, 28835, 0, 0, 0.0000000, 0.0000000, -0.1700, 137.0000, 0.0000, 0.0000
RAW: 47114,0.01,-0.00,-0.01,0.30,0.25,-9.88,-0.24
ATT: 47214, -1.300000, 1.820000, 184.450000, -175.000000
GPS: 47214, 28835, 0, 0, 0.0000000, 0.0000000, -0.1800, 137.0000, 0.0000, 0.0000
RAW: 47214,0.00,0.00,0.00,0.31,0.23,-9.86,-0.21
ATT: 47314, -1.310000, 1.830000, 184.450000, -175.000000
GPS: 47314, 29036, 0, 0, 0.0000000, 0.0000000, -0.1900, 137.0000, 0.0000, 0.0000
RAW: 47314,0.00,-0.00,0.00,0.29,0.26,-9.87,-0.23
ATT: 47415, -1.310000, 1.830000, 184.450000, -175.000000
GPS: 47415, 29036, 0, 0, 0.0000000, 0.0000000, -0.1800, 137.0000, 0.0000, 0.0000
RAW: 47415,-0.00,0.00,-0.00,0.34,0.23,-9.89,-0.15
ATT: 47515, -1.310000, 1.830000, 184.440000, -175.000000
GPS: 47515, 29235, 0, 0, 0.0000000, 0.0000000, -0.1700, 137.0000, 0.0000, 0.0000
RAW: 47515,0.00,-0.00,0.00,0.32,0.24,-9.87,-0.15
ATT: 47614, -1.310000, 1.840000, 184.429990, -175.000000
GPS: 47614, 29235, 0, 0, 0.0000000, 0.0000000, -0.1700, 137.0000, 0.0000, 0.0000
RAW: 47614,0.00,0.00,-0.00,0.33,0.21,-9.86,-0.17
ATT: 47715, -1.250000, 1.860000, 184.380000, -175.000000
GPS: 47715, 29435, 0, 0, 0.0000000, 0.0000000, -0.1700, 137.0000, 0.0000, 0.0000
RAW: 47715,0.01,0.01,-0.01,0.32,0.22,-9.86,-0.17
ATT: 47815, -1.240000, 1.880000, 184.360000, -175.000000
GPS: 47815, 29435, 0, 0, 0.0000000, 0.0000000, -0.1500, 137.0000, 0.0000, 0.0000
RAW: 47815,-0.00,0.00,-0.00,0.34,0.21,-9.86,-0.12
ATT: 47916, -1.240000, 1.890000, 184.330000, -175.000000
GPS: 47916, 29636, 0, 0, 0.0000000, 0.0000000, -0.1600, 137.0000, 0.0000, 0.0000
RAW: 47916,0.00,0.00,-0.01,0.33,0.19,-9.89,-0.17
ATT: 48015, -1.240000, 1.920000, 184.250000, -175.000000
GPS: 48015, 29636, 0, 0, 0.0000000, 0.0000000, -0.1600, 137.0000, 0.0000, 0.0000
RAW: 48015,0.00,0.01,-0.02,0.54,-0.20,-9.77,-0.18
ATT: 48115, -1.350000, 1.920000, 184.170000, -175.000000
GPS: 48115, 29835, 0, 0, 0.0000000, 0.0000000, -0.1400, 137.0000, 0.0000, 0.0000
RAW: 48115,-0.00,0.00,0.00,0.31,0.23,-9.86,-0.09
ATT: 48216, -1.410000, 1.930000, 184.179990, -175.000000
GPS: 48216, 29835, 0, 0, 0.0000000, 0.0000000, -0.1200, 137.0000, 0.0000, 0.0000
RAW: 48216,0.00,0.00,-0.00,0.34,0.21,-9.90,-0.08
ATT: 48316, -1.370000, 1.930000, 184.140000, -175.000000
GPS: 48316, 30036, 0, 0, 0.0000000, 0.0000000, -0.1600, 137.0000, 0.0000, 0.0000
RAW: 48316,0.00,0.00,0.00,0.34,0.25,-9.90,-0.26
ATT: 48415, -1.370000, 1.940000, 184.140000, -176.000000
GPS: 48415, 30036, 0, 0, 0.0000000, 0.0000000, -0.2100, 137.0000, 0.0000, 0.0000
RAW: 48415,0.00,0.00,0.00,0.35,0.24,-9.89,-0.32
ATT: 48516, -1.340000, 1.940000, 184.110000, -175.000000
GPS: 48516, 30235, 0, 0, 0.0000000, 0.0000000, -0.2000, 137.0000, 0.0000, 0.0000
RAW: 48516,0.00,0.00,-0.01,0.36,0.20,-9.88,-0.20
ATT: 48617, -1.460000, 1.950000, 184.030000, -176.000000
GPS: 48617, 30235, 0, 0, 0.0000000, 0.0000000, -0.1700, 137.0000, 0.0000, 0.0000
RAW: 48617,-0.02,0.00,-0.01,0.35,0.22,-9.89,-0.10
ATT: 48716, -1.550000, 1.970000, 183.960010, -176.000000
GPS: 48716, 30435, 0, 0, 0.0000000, 0.0000000, -0.1700, 137.0000, 0.0000, 0.0000
RAW: 48716,-0.01,0.01,-0.01,0.33,0.26,-9.94,-0.19
ATT: 48817, -1.640000, 4.230000, 184.370000, -176.000000
GPS: 48817, 30435, 0, 0, 0.0000000, 0.0000000, -0.1900, 137.0000, 0.0000, 0.0000
RAW: 48817,-0.26,0.70,0.44,-0.28,0.31,-11.15,-0.24
ATT: 48917, -4.040000, 6.200000, 184.429990, -178.000000
GPS: 48917, 30636, 0, 0, 0.0000000, 0.0000000, -0.1600, 137.0000, 0.0000, 0.0000
RAW: 48917,-1.16,0.37,0.37,0.16,1.02,-10.20,-0.09
ATT: 49016, -12.020000, 7.210000, 189.230000, 176.000000
GPS: 49016, 30636, 0, 0, 0.0000000, 0.0000000, -0.1400, 137.0000, 0.0000, 0.0000
RAW: 49016,-2.00,0.28,0.41,0.03,3.06,-12.33,-0.09
ATT: 49117, -22.740000, 6.190000, 194.259990, 173.000000
GPS: 49117, 30835, 0, 0, 0.0000000, 0.0000000, -0.1700, 137.0000, 0.0000, 0.0000
RAW: 49117,-2.36,-0.33,1.00,-0.02,3.40,-9.87,-0.25
ATT: 49217, -34.380001, 7.070000, 197.740010, 165.000000
GPS: 49217, 30835, 0, 0, 0.0000000, 0.0000000, -0.1400, 137.0000, 0.0000, 0.0000
RAW: 49217,-1.68,-0.00,0.59,1.60,3.72,-9.51,-0.07
ATT: 49317, -40.389999, 11.060000, 196.710010, 151.000000
GPS: 49317, 31036, 0, 0, 0.0000000, 0.0000000, -0.0900, 137.0000, 0.0000, 0.0000
